日期,产线,班次,工序,用电量(kWh),产量(千只),基准单耗(kWh/千只),资料说明
2026-09-01,1号产线,夜班,其他,975.1,130.68,7.5,合成示例，仅用于前端演示
2026-09-01,1号产线,夜班,含浸,1163.7,130.68,8.8,合成示例，仅用于前端演示
2026-09-01,1号产线,夜班,老化,1752.52,130.68,12,合成示例，仅用于前端演示
2026-09-01,1号产线,白班,其他,1192.36,166.32,7.5,合成示例，仅用于前端演示
2026-09-01,1号产线,白班,含浸,1422.99,166.32,8.8,合成示例，仅用于前端演示
2026-09-01,1号产线,白班,老化,2143.01,166.32,12,合成示例，仅用于前端演示
2026-09-01,2号产线,夜班,其他,782.01,106.92,7.5,合成示例，仅用于前端演示
2026-09-01,2号产线,夜班,含浸,933.26,106.92,8.8,合成示例，仅用于前端演示
2026-09-01,2号产线,夜班,老化,1405.49,106.92,12,合成示例，仅用于前端演示
2026-09-01,2号产线,白班,其他,956.25,136.08,7.5,合成示例，仅用于前端演示
2026-09-01,2号产线,白班,含浸,1141.21,136.08,8.8,合成示例，仅用于前端演示
2026-09-01,2号产线,白班,老化,1718.65,136.08,12,合成示例，仅用于前端演示
2026-09-02,1号产线,夜班,其他,1161.27,151.008,7.5,合成示例，仅用于前端演示
2026-09-02,1号产线,夜班,含浸,1385.88,151.008,8.8,合成示例，仅用于前端演示
2026-09-02,1号产线,夜班,老化,2087.13,151.008,12,合成示例，仅用于前端演示
2026-09-02,1号产线,白班,其他,1420.02,192.192,7.5,合成示例，仅用于前端演示
2026-09-02,1号产线,白班,含浸,1694.68,192.192,8.8,合成示例，仅用于前端演示
2026-09-02,1号产线,白班,老化,2552.18,192.192,12,合成示例，仅用于前端演示
2026-09-02,2号产线,夜班,其他,931.32,123.552,7.5,合成示例，仅用于前端演示
2026-09-02,2号产线,夜班,含浸,1111.45,123.552,8.8,合成示例，仅用于前端演示
2026-09-02,2号产线,夜班,老化,1673.84,123.552,12,合成示例，仅用于前端演示
2026-09-02,2号产线,白班,其他,1138.83,157.248,7.5,合成示例，仅用于前端演示
2026-09-02,2号产线,白班,含浸,1359.1,157.248,8.8,合成示例，仅用于前端演示
2026-09-02,2号产线,白班,老化,2046.8,157.248,12,合成示例，仅用于前端演示
2026-09-03,1号产线,夜班,其他,1072.61,142.296,7.5,合成示例，仅用于前端演示
2026-09-03,1号产线,夜班,含浸,1280.07,142.296,8.8,合成示例，仅用于前端演示
2026-09-03,1号产线,夜班,老化,1927.77,142.296,12,合成示例，仅用于前端演示
2026-09-03,1号产线,白班,其他,1311.6,181.104,7.5,合成示例，仅用于前端演示
2026-09-03,1号产线,白班,含浸,1565.29,181.104,8.8,合成示例，仅用于前端演示
2026-09-03,1号产线,白班,老化,2357.31,181.104,12,合成示例，仅用于前端演示
2026-09-03,2号产线,夜班,其他,860.21,116.424,7.5,合成示例，仅用于前端演示
2026-09-03,2号产线,夜班,含浸,1026.59,116.424,8.8,合成示例，仅用于前端演示
2026-09-03,2号产线,夜班,老化,1546.04,116.424,12,合成示例，仅用于前端演示
2026-09-03,2号产线,白班,其他,1051.88,148.176,7.5,合成示例，仅用于前端演示
2026-09-03,2号产线,白班,含浸,1255.33,148.176,8.8,合成示例，仅用于前端演示
2026-09-03,2号产线,白班,老化,1890.52,148.176,12,合成示例，仅用于前端演示
2026-09-04,1号产线,夜班,其他,1246.51,159.72,7.5,合成示例，仅用于前端演示
2026-09-04,1号产线,夜班,含浸,1487.61,159.72,8.8,合成示例，仅用于前端演示
2026-09-04,1号产线,夜班,老化,2240.33,159.72,12,合成示例，仅用于前端演示
2026-09-04,1号产线,白班,其他,1524.25,203.28,7.5,合成示例，仅用于前端演示
2026-09-04,1号产线,白班,含浸,1819.07,203.28,8.8,合成示例，仅用于前端演示
2026-09-04,1号产线,白班,老化,2739.51,203.28,12,合成示例，仅用于前端演示
2026-09-04,2号产线,夜班,其他,999.68,130.68,7.5,合成示例，仅用于前端演示
2026-09-04,2号产线,夜班,含浸,1193.03,130.68,8.8,合成示例，仅用于前端演示
2026-09-04,2号产线,夜班,老化,2695.05,130.68,12,合成示例，仅用于前端演示
2026-09-04,2号产线,白班,其他,1222.42,166.32,7.5,合成示例，仅用于前端演示
2026-09-04,2号产线,白班,含浸,1458.86,166.32,8.8,合成示例，仅用于前端演示
2026-09-04,2号产线,白班,老化,2197.03,166.32,12,合成示例，仅用于前端演示
2026-09-05,1号产线,夜班,其他,1127.66,148.104,7.5,合成示例，仅用于前端演示
2026-09-05,1号产线,夜班,含浸,1345.78,148.104,8.8,合成示例，仅用于前端演示
2026-09-05,1号产线,夜班,老化,2026.73,148.104,12,合成示例，仅用于前端演示
2026-09-05,1号产线,白班,其他,1378.92,188.496,7.5,合成示例，仅用于前端演示
2026-09-05,1号产线,白班,含浸,1645.64,188.496,8.8,合成示例，仅用于前端演示
2026-09-05,1号产线,白班,老化,2478.31,188.496,12,合成示例，仅用于前端演示
2026-09-05,2号产线,夜班,其他,1356.54,121.176,7.5,合成示例，仅用于前端演示
2026-09-05,2号产线,夜班,含浸,1079.28,121.176,8.8,合成示例，仅用于前端演示
2026-09-05,2号产线,夜班,老化,1625.39,121.176,12,合成示例，仅用于前端演示
2026-09-05,2号产线,白班,其他,1105.87,154.224,7.5,合成示例，仅用于前端演示
2026-09-05,2号产线,白班,含浸,1319.77,154.224,8.8,合成示例，仅用于前端演示
2026-09-05,2号产线,白班,老化,1987.56,154.224,12,合成示例，仅用于前端演示
2026-09-06,1号产线,夜班,其他,1023.63,136.488,7.5,合成示例，仅用于前端演示
2026-09-06,1号产线,夜班,含浸,1221.62,136.488,8.8,合成示例，仅用于前端演示
2026-09-06,1号产线,夜班,老化,1839.75,136.488,12,合成示例，仅用于前端演示
2026-09-06,1号产线,白班,其他,1251.71,173.712,7.5,合成示例，仅用于前端演示
2026-09-06,1号产线,白班,含浸,2240.73,173.712,8.8,合成示例，仅用于前端演示
2026-09-06,1号产线,白班,老化,2249.68,173.712,12,合成示例，仅用于前端演示
2026-09-06,2号产线,夜班,其他,820.93,111.672,7.5,合成示例，仅用于前端演示
2026-09-06,2号产线,夜班,含浸,979.72,111.672,8.8,合成示例，仅用于前端演示
2026-09-06,2号产线,夜班,老化,1475.44,111.672,12,合成示例，仅用于前端演示
2026-09-06,2号产线,白班,其他,1003.85,142.128,7.5,合成示例，仅用于前端演示
2026-09-06,2号产线,白班,含浸,1198.01,142.128,8.8,合成示例，仅用于前端演示
2026-09-06,2号产线,白班,老化,1804.2,142.128,12,合成示例，仅用于前端演示
2026-09-07,1号产线,夜班,其他,1144.58,148.104,7.5,合成示例，仅用于前端演示
2026-09-07,1号产线,夜班,含浸,1365.96,148.104,8.8,合成示例，仅用于前端演示
2026-09-07,1号产线,夜班,老化,2057.13,148.104,12,合成示例，仅用于前端演示
2026-09-07,1号产线,白班,其他,1399.61,188.496,7.5,合成示例，仅用于前端演示
2026-09-07,1号产线,白班,含浸,1670.32,188.496,8.8,合成示例，仅用于前端演示
2026-09-07,1号产线,白班,老化,2515.49,188.496,12,合成示例，仅用于前端演示
2026-09-07,2号产线,夜班,其他,917.92,121.176,7.5,合成示例，仅用于前端演示
2026-09-07,2号产线,夜班,含浸,1095.49,121.176,8.8,合成示例，仅用于前端演示
2026-09-07,2号产线,夜班,老化,1649.77,121.176,12,合成示例，仅用于前端演示
2026-09-07,2号产线,白班,其他,1122.46,154.224,7.5,合成示例，仅用于前端演示
2026-09-07,2号产线,白班,含浸,1339.56,154.224,8.8,合成示例，仅用于前端演示
2026-09-07,2号产线,白班,老化,2017.37,154.224,12,合成示例，仅用于前端演示
