日期,班次,工序,产线设备,工单号,卡号,料号,计划数,产量,检验数,合格数,不良数
2026-08-21T00:00:00,A,3161 制造六处釘卷,6D0005,SF313-2608000300,3,UK561M200N300AP4APR,1200,1180,1180,1180,0
2026-08-21T00:00:00,A,3161 制造六处釘卷,6D0117,SF313-2608000300,5,UK561M200N300AP4APR,1200,1192,1192,1192,0
2026-08-21T00:00:00,A,3161 制造六处釘卷,6DD119,SF313-2608000300,6,UK561M200N300AP4APR,1200,1197,1197,1197,0
2026-08-21T00:00:00,A,3161 制造六处釘卷,6DD117,SF313-2608000300,7,UK561M200N300AP4APR,1200,1184,1184,1184,0
2026-08-21T00:00:00,A,3161 制造六处釘卷,6DD119,SF313-2608000300,8,UK561M200N300AP4APR,1200,1179,1179,1179,0
2026-08-21T00:00:00,B,3161 制造六处釘卷,6DD117,SF313-2608000300,9,UK561M200N300AP4APR,1200,1225,1225,1225,0
2026-08-21T00:00:00,B,3161 制造六处釘卷,6DD119,SF313-2608000300,10,UK561M200N300AP4APR,1200,1238,1238,1238,0
2026-08-21T00:00:00,B,3161 制造六处釘卷,6DD117,SF313-2608000300,11,UK561M200N300AP4APR,1200,1225,1225,1225,0
2026-08-21T00:00:00,B,3161 制造六处釘卷,6DD119,SF313-2608000300,12,UK561M200N300AP4APR,1200,1229,1229,1229,0
2026-08-22T00:00:00,B,3161 制造六处釘卷,6DD117,SF313-2608000300,13,UK561M200N300AP4APR,1200,1220,1220,1220,0
2026-08-22T00:00:00,B,3161 制造六处釘卷,6DD119,SF313-2608000300,14,UK561M200N300AP4APR,1200,1212,1212,1212,0
2026-08-22T00:00:00,B,3161 制造六处釘卷,6DD117,SF313-2608000300,15,UK561M200N300AP4APR,1200,1240,1240,1240,0
2026-08-22T00:00:00,B,3161 制造六处釘卷,6DD119,SF313-2608000300,16,UK561M200N300AP4APR,1200,1223,1223,1223,0
2026-08-22T00:00:00,B,3161 制造六处釘卷,6DD117,SF313-2608000300,17,UK561M200N300AP4APR,1200,1225,1225,1225,0
2026-08-22T00:00:00,B,3161 制造六处釘卷,6DD119,SF313-2608000300,18,UK561M200N300AP4APR,1200,1220,1220,1220,0
2026-08-22T00:00:00,B,3161 制造六处釘卷,6DD117,SF313-2608000300,19,UK561M200N300AP4APR,1200,1228,1228,1228,0
2026-08-22T00:00:00,A,3161 制造六处釘卷,6DD119,SF313-2608000300,20,UK561M200N300AP4APR,1200,1151,1151,1151,0
2026-08-22T00:00:00,A,3161 制造六处釘卷,6DD117,SF313-2608000300,21,UK561M200N300AP4APR,1200,1440,1440,1440,0
2026-08-22T00:00:00,A,3161 制造六处釘卷,6DD119,SF313-2608000300,22,UK561M200N300AP4APR,1200,1231,1231,1231,0
2026-08-22T00:00:00,A,3161 制造六处釘卷,6DD117,SF313-2608000300,23,UK561M200N300AP4APR,1200,1194,1194,1194,0
2026-08-22T00:00:00,B,3161 制造六处釘卷,6DD119,SF313-2608000300,24,UK561M200N300AP4APR,1200,1194,1194,1194,0
2026-08-22T00:00:00,B,3161 制造六处釘卷,6DD117,SF313-2608000300,25,UK561M200N300AP4APR,1200,1218,1218,1218,0
2026-08-22T00:00:00,B,3161 制造六处釘卷,6DD119,SF313-2608000300,26,UK561M200N300AP4APR,1200,1212,1212,1212,0
2026-08-22T00:00:00,B,3161 制造六处釘卷,6DD117,SF313-2608000300,27,UK561M200N300AP4APR,1200,1199,1199,1199,0
2026-08-23T00:00:00,B,3161 制造六处釘卷,6DD119,SF313-2608000300,28,UK561M200N300AP4APR,1200,1176,1176,1176,0
2026-08-23T00:00:00,B,3161 制造六处釘卷,6DD117,SF313-2608000300,29,UK561M200N300AP4APR,1200,1201,1201,1201,0
2026-08-23T00:00:00,B,3161 制造六处釘卷,6DD119,SF313-2608000300,30,UK561M200N300AP4APR,1200,1187,1187,1187,0
2026-08-23T00:00:00,B,3161 制造六处釘卷,6DD117,SF313-2608000300,31,UK561M200N300AP4APR,1200,1207,1207,1207,0
2026-08-23T00:00:00,B,3161 制造六处釘卷,6DD119,SF313-2608000300,32,UK561M200N300AP4APR,1200,1193,1193,1193,0
2026-08-23T00:00:00,B,3161 制造六处釘卷,6DD117,SF313-2608000300,33,UK561M200N300AP4APR,1200,1199,1199,1199,0
2026-08-23T00:00:00,B,3161 制造六处釘卷,6DD119,SF313-2608000300,34,UK561M200N300AP4APR,1200,1184,1184,1184,0
2026-08-23T00:00:00,A,3161 制造六处釘卷,6DD117,SF313-2608000300,35,UK561M200N300AP4APR,1200,1219,1219,1219,0
2026-08-23T00:00:00,A,3161 制造六处釘卷,6DD119,SF313-2608000300,36,UK561M200N300AP4APR,1200,1198,1198,1198,0
2026-08-23T00:00:00,A,3161 制造六处釘卷,6DD117,SF313-2608000300,37,UK561M200N300AP4APR,1200,1136,1136,1136,0
2026-08-23T00:00:00,A,3161 制造六处釘卷,6DD119,SF313-2608000300,38,UK561M200N300AP4APR,1200,1160,1160,1160,0
2026-08-24T00:00:00,B,3161 制造六处釘卷,6DD117,SF313-2608000300,39,UK561M200N300AP4APR,1200,200,200,200,0
2026-08-23T00:00:00,A,3161 制造六处釘卷,6DD119,SF313-2608000300,40,UK561M200N300AP4APR,1200,1175,1175,1175,0
2026-08-23T00:00:00,B,3161 制造六处釘卷,6DD117,SF313-2608000300,41,UK561M200N300AP4APR,1200,1194,1194,1194,0
2026-08-24T00:00:00,B,3161 制造六处釘卷,6DD119,SF313-2608000300,42,UK561M200N300AP4APR,1200,1170,1170,1170,0
2026-08-24T00:00:00,B,3161 制造六处釘卷,6DD117,SF313-2608000300,43,UK561M200N300AP4APR,1200,1200,1200,1200,0
2026-08-22T00:00:00,B,3162 制造六处自动组立套胶,6B0009,SF313-2608000300,1,UK561M200N300AP4APR,1237,1237,1237,1237,0
2026-08-23T00:00:00,B,3162 制造六处自动组立套胶,6B0007,SF313-2608000300,2,UK561M200N300AP4APR,1240,1240,1240,1240,0
2026-08-22T00:00:00,B,3162 制造六处自动组立套胶,6B0009,SF313-2608000300,3,UK561M200N300AP4APR,1180,1180,1180,1180,0
2026-08-22T00:00:00,B,3162 制造六处自动组立套胶,6B0009,SF313-2608000300,4,UK561M200N300AP4APR,1210,1210,1210,1210,0
2026-08-22T00:00:00,B,3162 制造六处自动组立套胶,6B0009,SF313-2608000300,5,UK561M200N300AP4APR,1192,1192,1192,1192,0
2026-08-22T00:00:00,A,3162 制造六处自动组立套胶,6B0009,SF313-2608000300,6,UK561M200N300AP4APR,1197,1197,1197,1197,0
2026-08-22T00:00:00,B,3162 制造六处自动组立套胶,6B0007,SF313-2608000300,7,UK561M200N300AP4APR,1184,1184,1184,1184,0
2026-08-22T00:00:00,A,3162 制造六处自动组立套胶,6B0009,SF313-2608000300,8,UK561M200N300AP4APR,1179,1179,1179,1179,0
2026-08-23T00:00:00,B,3162 制造六处自动组立套胶,6B0009,SF313-2608000300,9,UK561M200N300AP4APR,1225,1225,1225,1225,0
2026-08-25T00:00:00,B,3162 制造六处自动组立套胶,6B0012,SF313-2608000300,10,UK561M200N300AP4APR,1238,1238,1238,1238,0
2026-08-23T00:00:00,B,3162 制造六处自动组立套胶,6B0015,SF313-2608000300,11,UK561M200N300AP4APR,1225,1225,1225,1225,0
2026-08-25T00:00:00,B,3162 制造六处自动组立套胶,6B0012,SF313-2608000300,12,UK561M200N300AP4APR,1229,1229,1229,1229,0
2026-08-23T00:00:00,A,3162 制造六处自动组立套胶,6B0015,SF313-2608000300,13,UK561M200N300AP4APR,1220,1220,1220,1220,0
2026-08-25T00:00:00,A,3162 制造六处自动组立套胶,6B0012,SF313-2608000300,14,UK561M200N300AP4APR,1212,1212,1212,1212,0
2026-08-23T00:00:00,B,3162 制造六处自动组立套胶,6B0007,SF313-2608000300,15,UK561M200N300AP4APR,1240,1240,1240,1240,0
2026-08-23T00:00:00,B,3162 制造六处自动组立套胶,6B0009,SF313-2608000300,16,UK561M200N300AP4APR,1223,1223,1223,1223,0
2026-08-23T00:00:00,A,3162 制造六处自动组立套胶,6B0009,SF313-2608000300,17,UK561M200N300AP4APR,1225,1225,1225,1225,0
2026-08-22T00:00:00,B,3162 制造六处自动组立套胶,6B0009,SF313-2608000300,18,UK561M200N300AP4APR,1220,1220,1220,1220,0
2026-08-23T00:00:00,B,3162 制造六处自动组立套胶,6B0015,SF313-2608000300,19,UK561M200N300AP4APR,1228,1228,1228,1228,0
2026-08-22T00:00:00,B,3162 制造六处自动组立套胶,6B0009,SF313-2608000300,20,UK561M200N300AP4APR,1151,1151,1151,1151,0
2026-08-24T00:00:00,B,3162 制造六处自动组立套胶,6B0012,SF313-2608000300,21,UK561M200N300AP4APR,1440,1440,1440,1440,0
2026-08-24T00:00:00,B,3162 制造六处自动组立套胶,6B0012,SF313-2608000300,22,UK561M200N300AP4APR,1231,1231,1231,1231,0
2026-08-23T00:00:00,B,3162 制造六处自动组立套胶,6B0009,SF313-2608000300,23,UK561M200N300AP4APR,1194,1194,1194,1194,0
2026-08-23T00:00:00,A,3162 制造六处自动组立套胶,6B0012,SF313-2608000300,24,UK561M200N300AP4APR,1194,1194,1194,1194,0
2026-08-25T00:00:00,B,3162 制造六处自动组立套胶,6B0012,SF313-2608000300,25,UK561M200N300AP4APR,1218,1218,1218,1218,0
2026-08-23T00:00:00,A,3162 制造六处自动组立套胶,6B0012,SF313-2608000300,26,UK561M200N300AP4APR,1212,1212,1212,1212,0
2026-08-24T00:00:00,B,3162 制造六处自动组立套胶,6B0012,SF313-2608000300,27,UK561M200N300AP4APR,1199,1199,1199,1199,0
2026-08-24T00:00:00,A,3162 制造六处自动组立套胶,6B0032,SF313-2608000300,28,UK561M200N300AP4APR,1176,1176,1176,1176,0
2026-08-24T00:00:00,A,3162 制造六处自动组立套胶,6B0012,SF313-2608000300,29,UK561M200N300AP4APR,1201,1201,1201,1201,0
2026-08-23T00:00:00,B,3162 制造六处自动组立套胶,6B0012,SF313-2608000300,30,UK561M200N300AP4APR,1187,1187,1187,1187,0
2026-08-24T00:00:00,A,3162 制造六处自动组立套胶,6B0012,SF313-2608000300,31,UK561M200N300AP4APR,1207,1207,1207,1207,0
2026-08-23T00:00:00,B,3162 制造六处自动组立套胶,6B0012,SF313-2608000300,32,UK561M200N300AP4APR,1193,1193,1193,1193,0
2026-08-24T00:00:00,B,3162 制造六处自动组立套胶,6B0012,SF313-2608000300,33,UK561M200N300AP4APR,1199,1199,1199,1199,0
2026-08-23T00:00:00,B,3162 制造六处自动组立套胶,6B0012,SF313-2608000300,34,UK561M200N300AP4APR,1184,1184,1184,1184,0
2026-08-24T00:00:00,A,3162 制造六处自动组立套胶,6B0012,SF313-2608000300,35,UK561M200N300AP4APR,1219,1219,1219,1219,0
2026-08-25T00:00:00,B,3162 制造六处自动组立套胶,6B0012,SF313-2608000300,36,UK561M200N300AP4APR,1198,1198,1198,1198,0
2026-08-24T00:00:00,A,3162 制造六处自动组立套胶,6B0015,SF313-2608000300,37,UK561M200N300AP4APR,1136,1136,1136,1136,0
2026-08-24T00:00:00,A,3162 制造六处自动组立套胶,6B0015,SF313-2608000300,38,UK561M200N300AP4APR,1160,1160,1160,1160,0
2026-08-31T00:00:00,B,3162 制造六处自动组立套胶,6B0007,SF313-2608000300,39,UK561M200N300AP4APR,200,200,200,200,0
2026-08-24T00:00:00,A,3162 制造六处自动组立套胶,6B0015,SF313-2608000300,40,UK561M200N300AP4APR,1175,1175,1175,1175,0
2026-08-25T00:00:00,B,3162 制造六处自动组立套胶,6B0009,SF313-2608000300,41,UK561M200N300AP4APR,1194,1194,1194,1194,0
2026-08-25T00:00:00,B,3162 制造六处自动组立套胶,6B0009,SF313-2608000300,42,UK561M200N300AP4APR,1170,1170,1170,1170,0
2026-08-24T00:00:00,B,3162 制造六处自动组立套胶,6B0009,SF313-2608000300,43,UK561M200N300AP4APR,1200,1200,1200,1200,0
2026-08-23T00:00:00,A,3164 制造六处老化选别,6D0005,SF313-2608000300,1,UK561M200N300AP4APR,1237,1237,1237,1209,28
2026-08-24T00:00:00,B,3164 制造六处老化选别,6D0005,SF313-2608000300,2,UK561M200N300AP4APR,1240,1240,1240,1230,10
2026-08-23T00:00:00,B,3164 制造六处老化选别,6D0005,SF313-2608000300,3,UK561M200N300AP4APR,1180,1180,1180,1153,27
2026-08-23T00:00:00,A,3164 制造六处老化选别,6D0005,SF313-2608000300,4,UK561M200N300AP4APR,1210,1210,1210,1188,22
2026-08-22T00:00:00,B,3164 制造六处老化选别,6D0005,SF313-2608000300,5,UK561M200N300AP4APR,1192,1192,1192,1184,8
2026-08-23T00:00:00,B,3164 制造六处老化选别,6D0005,SF313-2608000300,6,UK561M200N300AP4APR,1197,1197,1197,1192,5
2026-08-23T00:00:00,A,3164 制造六处老化选别,6D0005,SF313-2608000300,7,UK561M200N300AP4APR,1184,1184,1184,1171,13
2026-08-23T00:00:00,B,3164 制造六处老化选别,6D0005,SF313-2608000300,8,UK561M200N300AP4APR,1179,1179,1179,1173,6
2026-08-24T00:00:00,A,3164 制造六处老化选别,6FX02,SF313-2608000300,9,UK561M200N300AP4APR,1215,1215,1215,1213,2
2026-08-25T00:00:00,A,3164 制造六处老化选别,6D0009,SF313-2608000300,10,UK561M200N300AP4APR,1238,1238,1238,1227,11
2026-08-24T00:00:00,A,3164 制造六处老化选别,6D0005,SF313-2608000300,11,UK561M200N300AP4APR,1225,1225,1225,1221,4
2026-08-25T00:00:00,B,3164 制造六处老化选别,6D0015,SF313-2608000300,12,UK561M200N300AP4APR,1229,1229,1229,1209,20
2026-08-24T00:00:00,A,3164 制造六处老化选别,6D0005,SF313-2608000300,13,UK561M200N300AP4APR,1220,1220,1220,1213,7
2026-08-27T00:00:00,B,3164 制造六处老化选别,6D0005,SF313-2608000300,14,UK561M200N300AP4APR,1212,1212,1212,1201,11
2026-08-24T00:00:00,B,3164 制造六处老化选别,6D0005,SF313-2608000300,15,UK561M200N300AP4APR,1240,1240,1240,1236,4
2026-08-23T00:00:00,B,3164 制造六处老化选别,6D0005,SF313-2608000300,16,UK561M200N300AP4APR,1223,1223,1223,1219,4
2026-08-24T00:00:00,B,3164 制造六处老化选别,6D0009,SF313-2608000300,17,UK561M200N300AP4APR,1225,1225,1225,1217,8
2026-08-23T00:00:00,A,3164 制造六处老化选别,6D0005,SF313-2608000300,18,UK561M200N300AP4APR,1220,1220,1220,1213,7
2026-08-24T00:00:00,B,3164 制造六处老化选别,6D0005,SF313-2608000300,19,UK561M200N300AP4APR,1228,1228,1228,1216,12
2026-08-23T00:00:00,B,3164 制造六处老化选别,6D0005,SF313-2608000300,20,UK561M200N300AP4APR,1151,1151,1151,1128,23
2026-08-25T00:00:00,B,3164 制造六处老化选别,6D0015,SF313-2608000300,21,UK561M200N300AP4APR,1440,1440,1440,1393,47
2026-08-25T00:00:00,A,3164 制造六处老化选别,6D0015,SF313-2608000300,22,UK561M200N300AP4APR,1231,1231,1231,1223,8
2026-08-23T00:00:00,B,3164 制造六处老化选别,6D0005,SF313-2608000300,23,UK561M200N300AP4APR,1194,1194,1194,1193,1
2026-08-24T00:00:00,A,3164 制造六处老化选别,6D0009,SF313-2608000300,24,UK561M200N300AP4APR,1194,1194,1194,1183,11
2026-08-26T00:00:00,B,3164 制造六处老化选别,6D0015,SF313-2608000300,25,UK561M200N300AP4APR,1218,1218,1218,1218,0
2026-08-24T00:00:00,B,3164 制造六处老化选别,6D0009,SF313-2608000300,26,UK561M200N300AP4APR,1212,1212,1212,1196,16
2026-08-25T00:00:00,A,3164 制造六处老化选别,6D0015,SF313-2608000300,27,UK561M200N300AP4APR,1199,1199,1199,1197,2
2026-08-25T00:00:00,B,3164 制造六处老化选别,6D0005,SF313-2608000300,28,UK561M200N300AP4APR,1176,1176,1176,1172,4
2026-08-25T00:00:00,B,3164 制造六处老化选别,6D0005,SF313-2608000300,29,UK561M200N300AP4APR,1201,1201,1201,1181,20
2026-08-24T00:00:00,A,3164 制造六处老化选别,6D0009,SF313-2608000300,30,UK561M200N300AP4APR,1187,1187,1187,1177,10
2026-08-24T00:00:00,B,3164 制造六处老化选别,6D0005,SF313-2608000300,31,UK561M200N300AP4APR,1207,1207,1207,1204,3
2026-08-24T00:00:00,A,3164 制造六处老化选别,6D0009,SF313-2608000300,32,UK561M200N300AP4APR,1193,1193,1193,1166,27
2026-08-24T00:00:00,B,3164 制造六处老化选别,6D0005,SF313-2608000300,33,UK561M200N300AP4APR,1199,1199,1199,1191,8
2026-08-24T00:00:00,A,3164 制造六处老化选别,6D0005,SF313-2608000300,34,UK561M200N300AP4APR,1184,1184,1184,1181,3
2026-08-25T00:00:00,B,3164 制造六处老化选别,6D0005,SF313-2608000300,35,UK561M200N300AP4APR,1219,1219,1219,1209,10
2026-08-26T00:00:00,B,3164 制造六处老化选别,6D0015,SF313-2608000300,36,UK561M200N300AP4APR,1198,1198,1198,1195,3
2026-08-25T00:00:00,A,3164 制造六处老化选别,6D0005,SF313-2608000300,37,UK561M200N300AP4APR,1136,1136,1136,1107,29
2026-08-25T00:00:00,A,3164 制造六处老化选别,6D0005,SF313-2608000300,38,UK561M200N300AP4APR,1160,1160,1160,1149,11
2026-08-25T00:00:00,A,3164 制造六处老化选别,6D0005,SF313-2608000300,40,UK561M200N300AP4APR,1175,1175,1175,1168,7
2026-08-26T00:00:00,B,3164 制造六处老化选别,6D0005,SF313-2608000300,41,UK561M200N300AP4APR,1194,1194,1194,1189,5
2026-08-25T00:00:00,B,3164 制造六处老化选别,6D0005,SF313-2608000300,42,UK561M200N300AP4APR,1170,1170,1170,1166,4
2026-08-26T00:00:00,B,3164 制造六处老化选别,6D0005,SF313-2608000300,43,UK561M200N300AP4APR,1200,1200,1200,1196,4
2026-08-21T00:00:00,A,3161 制造六处釘卷,6DD129,SF313-2608000301,5,UK561M200N300AP4APR,1200,1114,1114,1114,0
2026-08-21T00:00:00,A,3161 制造六处釘卷,6DD129,SF313-2608000301,6,UK561M200N300AP4APR,1200,1114,1114,1114,0
2026-08-21T00:00:00,A,3161 制造六处釘卷,6DD129,SF313-2608000301,7,UK561M200N300AP4APR,1200,1192,1192,1192,0
2026-08-21T00:00:00,A,3161 制造六处釘卷,6DD129,SF313-2608000301,8,UK561M200N300AP4APR,1200,1183,1183,1183,0
2026-08-21T00:00:00,B,3161 制造六处釘卷,6DD129,SF313-2608000301,9,UK561M200N300AP4APR,1200,1431,1431,1431,0
2026-08-21T00:00:00,B,3161 制造六处釘卷,6DD131,SF313-2608000301,10,UK561M200N300AP4APR,1200,1418,1418,1418,0
2026-08-22T00:00:00,B,3161 制造六处釘卷,6DD129,SF313-2608000301,11,UK561M200N300AP4APR,1200,1430,1430,1430,0
2026-08-22T00:00:00,B,3161 制造六处釘卷,6DD131,SF313-2608000301,12,UK561M200N300AP4APR,1200,1422,1422,1422,0
2026-08-22T00:00:00,B,3161 制造六处釘卷,6DD129,SF313-2608000301,13,UK561M200N300AP4APR,1200,1402,1402,1402,0
2026-08-22T00:00:00,B,3161 制造六处釘卷,6DD129,SF313-2608000301,14,UK561M200N300AP4APR,1200,1432,1432,1432,0
2026-08-22T00:00:00,B,3161 制造六处釘卷,6DD129,SF313-2608000301,15,UK561M200N300AP4APR,1200,1390,1390,1390,0
2026-08-22T00:00:00,B,3161 制造六处釘卷,6DD131,SF313-2608000301,16,UK561M200N300AP4APR,1200,1405,1405,1405,0
2026-08-22T00:00:00,A,3161 制造六处釘卷,6DD129,SF313-2608000301,17,UK561M200N300AP4APR,1200,1171,1171,1171,0
2026-08-22T00:00:00,B,3161 制造六处釘卷,6DD131,SF313-2608000301,18,UK561M200N300AP4APR,1200,1435,1435,1435,0
2026-08-22T00:00:00,A,3161 制造六处釘卷,6DD129,SF313-2608000301,19,UK561M200N300AP4APR,1200,1184,1184,1184,0
2026-08-22T00:00:00,B,3161 制造六处釘卷,6DD131,SF313-2608000301,20,UK561M200N300AP4APR,1200,1436,1436,1436,0
2026-08-22T00:00:00,A,3161 制造六处釘卷,6DD129,SF313-2608000301,21,UK561M200N300AP4APR,1200,1196,1196,1196,0
2026-08-23T00:00:00,B,3161 制造六处釘卷,6DD131,SF313-2608000301,22,UK561M200N300AP4APR,1200,1426,1426,1426,0
2026-08-22T00:00:00,A,3161 制造六处釘卷,6DD129,SF313-2608000301,23,UK561M200N300AP4APR,1200,1176,1176,1176,0
2026-08-23T00:00:00,B,3161 制造六处釘卷,6DD131,SF313-2608000301,24,UK561M200N300AP4APR,1200,1402,1402,1402,0
2026-08-22T00:00:00,B,3161 制造六处釘卷,6DD129,SF313-2608000301,25,UK561M200N300AP4APR,1200,1400,1400,1400,0
2026-08-23T00:00:00,B,3161 制造六处釘卷,6DD129,SF313-2608000301,26,UK561M200N300AP4APR,1200,1405,1405,1405,0
2026-08-23T00:00:00,B,3161 制造六处釘卷,6DD129,SF313-2608000301,27,UK561M200N300AP4APR,1200,1416,1416,1416,0
2026-08-23T00:00:00,B,3161 制造六处釘卷,6DD129,SF313-2608000301,28,UK561M200N300AP4APR,1200,1399,1399,1399,0
2026-08-23T00:00:00,B,3161 制造六处釘卷,6DD129,SF313-2608000301,29,UK561M200N300AP4APR,1200,1418,1418,1418,0
2026-08-23T00:00:00,B,3161 制造六处釘卷,6DD131,SF313-2608000301,30,UK561M200N300AP4APR,1200,1405,1405,1405,0
2026-08-23T00:00:00,A,3161 制造六处釘卷,6DD129,SF313-2608000301,31,UK561M200N300AP4APR,1200,1161,1161,1161,0
2026-08-23T00:00:00,B,3161 制造六处釘卷,6DD129,SF313-2608000301,32,UK561M200N300AP4APR,1200,1417,1417,1417,0
2026-08-23T00:00:00,A,3161 制造六处釘卷,6DD129,SF313-2608000301,33,UK561M200N300AP4APR,1200,1431,1431,1431,0
2026-08-23T00:00:00,A,3161 制造六处釘卷,6DD129,SF313-2608000301,35,UK561M200N300AP4APR,1200,1160,1160,1160,0
2026-08-24T00:00:00,B,3161 制造六处釘卷,6DD131,SF313-2608000301,36,UK561M200N300AP4APR,1200,1432,1432,1432,0
2026-08-23T00:00:00,A,3161 制造六处釘卷,6DD129,SF313-2608000301,37,UK561M200N300AP4APR,1200,1428,1428,1428,0
2026-08-24T00:00:00,B,3161 制造六处釘卷,6DD131,SF313-2608000301,38,UK561M200N300AP4APR,1200,1432,1432,1432,0
2026-08-24T00:00:00,B,3161 制造六处釘卷,6DD129,SF313-2608000301,40,UK561M200N300AP4APR,1200,1152,1152,1152,0
2026-08-22T00:00:00,B,3162 制造六处自动组立套胶,6B0009,SF313-2608000301,1,UK561M200N300AP4APR,1368,1368,1368,1368,0
2026-08-21T00:00:00,A,3162 制造六处自动组立套胶,6B0008,SF313-2608000301,2,UK561M200N300AP4APR,1402,1402,1402,1402,0
2026-08-21T00:00:00,A,3162 制造六处自动组立套胶,6B0008,SF313-2608000301,3,UK561M200N300AP4APR,1433,1433,1433,1433,0
2026-08-22T00:00:00,B,3162 制造六处自动组立套胶,6B0009,SF313-2608000301,4,UK561M200N300AP4APR,1440,1440,1440,1440,0
2026-08-22T00:00:00,B,3162 制造六处自动组立套胶,6B0007,SF313-2608000301,5,UK561M200N300AP4APR,1114,1114,1114,1114,0
2026-08-23T00:00:00,B,3162 制造六处自动组立套胶,6B0007,SF313-2608000301,6,UK561M200N300AP4APR,1114,1114,1114,1114,0
2026-08-23T00:00:00,B,3162 制造六处自动组立套胶,6B0007,SF313-2608000301,7,UK561M200N300AP4APR,1192,1192,1192,1192,0
2026-08-22T00:00:00,A,3162 制造六处自动组立套胶,6B0007,SF313-2608000301,8,UK561M200N300AP4APR,1183,1183,1183,1183,0
2026-08-24T00:00:00,B,3162 制造六处自动组立套胶,6B0009,SF313-2608000301,9,UK561M200N300AP4APR,1431,1431,1431,1431,0
2026-08-24T00:00:00,A,3162 制造六处自动组立套胶,6B0009,SF313-2608000301,10,UK561M200N300AP4APR,1418,1418,1418,1418,0
2026-08-24T00:00:00,B,3162 制造六处自动组立套胶,6B0009,SF313-2608000301,11,UK561M200N300AP4APR,1430,1430,1430,1430,0
2026-08-24T00:00:00,A,3162 制造六处自动组立套胶,6B0009,SF313-2608000301,12,UK561M200N300AP4APR,1422,1422,1422,1422,0
2026-08-23T00:00:00,B,3162 制造六处自动组立套胶,6B0007,SF313-2608000301,13,UK561M200N300AP4APR,1402,1402,1402,1402,0
2026-08-23T00:00:00,B,3162 制造六处自动组立套胶,6B0009,SF313-2608000301,14,UK561M200N300AP4APR,1432,1432,1432,1432,0
2026-08-24T00:00:00,A,3162 制造六处自动组立套胶,6B0009,SF313-2608000301,15,UK561M200N300AP4APR,1390,1390,1390,1390,0
2026-08-23T00:00:00,B,3162 制造六处自动组立套胶,6B0007,SF313-2608000301,16,UK561M200N300AP4APR,1405,1405,1405,1405,0
2026-08-23T00:00:00,A,3162 制造六处自动组立套胶,6B0009,SF313-2608000301,17,UK561M200N300AP4APR,1171,1171,1171,1171,0
2026-08-23T00:00:00,A,3162 制造六处自动组立套胶,6B0009,SF313-2608000301,18,UK561M200N300AP4APR,1435,1435,1435,1435,0
2026-08-23T00:00:00,A,3162 制造六处自动组立套胶,6B0009,SF313-2608000301,19,UK561M200N300AP4APR,1184,1184,1184,1184,0
2026-08-24T00:00:00,B,3162 制造六处自动组立套胶,6B0012,SF313-2608000301,20,UK561M200N300AP4APR,1436,1436,1436,1436,0
2026-08-23T00:00:00,A,3162 制造六处自动组立套胶,6B0009,SF313-2608000301,21,UK561M200N300AP4APR,1196,1196,1196,1196,0
2026-08-24T00:00:00,B,3162 制造六处自动组立套胶,6B0012,SF313-2608000301,22,UK561M200N300AP4APR,1426,1426,1426,1426,0
2026-08-23T00:00:00,A,3162 制造六处自动组立套胶,6B0009,SF313-2608000301,23,UK561M200N300AP4APR,1176,1176,1176,1176,0
2026-08-24T00:00:00,A,3162 制造六处自动组立套胶,6B0012,SF313-2608000301,24,UK561M200N300AP4APR,1402,1402,1402,1402,0
2026-08-24T00:00:00,B,3162 制造六处自动组立套胶,6B0012,SF313-2608000301,25,UK561M200N300AP4APR,1400,1400,1400,1400,0
2026-08-24T00:00:00,B,3162 制造六处自动组立套胶,6B0012,SF313-2608000301,26,UK561M200N300AP4APR,1405,1405,1405,1405,0
2026-08-24T00:00:00,A,3162 制造六处自动组立套胶,6B0012,SF313-2608000301,27,UK561M200N300AP4APR,1416,1416,1416,1416,0
2026-08-24T00:00:00,A,3162 制造六处自动组立套胶,6B0012,SF313-2608000301,28,UK561M200N300AP4APR,1399,1399,1399,1399,0
2026-08-23T00:00:00,A,3162 制造六处自动组立套胶,6B0012,SF313-2608000301,29,UK561M200N300AP4APR,1418,1418,1418,1418,0
2026-08-24T00:00:00,A,3162 制造六处自动组立套胶,6B0012,SF313-2608000301,30,UK561M200N300AP4APR,1405,1405,1405,1405,0
2026-08-25T00:00:00,B,3162 制造六处自动组立套胶,6B0009,SF313-2608000301,31,UK561M200N300AP4APR,1161,1161,1161,1161,0
2026-08-25T00:00:00,B,3162 制造六处自动组立套胶,6B0009,SF313-2608000301,32,UK561M200N300AP4APR,1417,1417,1417,1417,0
2026-08-24T00:00:00,A,3162 制造六处自动组立套胶,6B0015,SF313-2608000301,33,UK561M200N300AP4APR,1431,1431,1431,1431,0
2026-08-24T00:00:00,B,3162 制造六处自动组立套胶,6B0015,SF313-2608000301,35,UK561M200N300AP4APR,1160,1160,1160,1160,0
2026-08-25T00:00:00,B,3162 制造六处自动组立套胶,6B0009,SF313-2608000301,36,UK561M200N300AP4APR,1432,1432,1432,1432,0
2026-08-25T00:00:00,B,3162 制造六处自动组立套胶,6B0015,SF313-2608000301,37,UK561M200N300AP4APR,1428,1428,1428,1428,0
2026-08-25T00:00:00,A,3162 制造六处自动组立套胶,6B0009,SF313-2608000301,38,UK561M200N300AP4APR,1432,1432,1432,1432,0
2026-08-25T00:00:00,A,3162 制造六处自动组立套胶,6B0009,SF313-2608000301,40,UK561M200N300AP4APR,1152,1152,1152,1152,0
2026-08-23T00:00:00,A,3164 制造六处老化选别,6D0005,SF313-2608000301,1,UK561M200N300AP4APR,1368,1339,1368,1339,29
2026-08-23T00:00:00,B,3164 制造六处老化选别,6D0005,SF313-2608000301,2,UK561M200N300AP4APR,1402,1397,1402,1397,5
2026-08-23T00:00:00,B,3164 制造六处老化选别,6D0005,SF313-2608000301,3,UK561M200N300AP4APR,1433,1426,1433,1426,7
2026-08-23T00:00:00,B,3164 制造六处老化选别,6D0005,SF313-2608000301,4,UK561M200N300AP4APR,1440,1436,1440,1436,4
2026-08-23T00:00:00,A,3164 制造六处老化选别,6D0005,SF313-2608000301,5,UK561M200N300AP4APR,1114,1068,1114,1068,46
2026-08-24T00:00:00,B,3164 制造六处老化选别,6D0005,SF313-2608000301,6,UK561M200N300AP4APR,1114,1108,1114,1108,6
2026-08-24T00:00:00,B,3164 制造六处老化选别,6D0005,SF313-2608000301,7,UK561M200N300AP4APR,1192,1162,1192,1162,30
2026-08-23T00:00:00,A,3164 制造六处老化选别,6D0005,SF313-2608000301,8,UK561M200N300AP4APR,1183,1177,1183,1177,6
2026-08-25T00:00:00,A,3164 制造六处老化选别,6D0005,SF313-2608000301,9,UK561M200N300AP4APR,1431,1425,1431,1425,6
2026-08-25T00:00:00,B,3164 制造六处老化选别,6D0015,SF313-2608000301,10,UK561M200N300AP4APR,1418,1415,1418,1415,3
2026-08-25T00:00:00,A,3164 制造六处老化选别,6D0005,SF313-2608000301,11,UK561M200N300AP4APR,1430,1427,1430,1427,3
2026-08-25T00:00:00,B,3164 制造六处老化选别,6D0005,SF313-2608000301,12,UK561M200N300AP4APR,1422,1407,1422,1407,15
2026-08-24T00:00:00,B,3164 制造六处老化选别,6D0005,SF313-2608000301,13,UK561M200N300AP4APR,1402,1398,1402,1398,4
2026-08-24T00:00:00,A,3164 制造六处老化选别,6FX02,SF313-2608000301,14,UK561M200N300AP4APR,1422,1420,1422,1420,2
2026-08-25T00:00:00,B,3164 制造六处老化选别,6D0015,SF313-2608000301,15,UK561M200N300AP4APR,1390,1386,1390,1386,4
2026-08-24T00:00:00,B,3164 制造六处老化选别,6D0005,SF313-2608000301,16,UK561M200N300AP4APR,1405,1399,1405,1399,6
2026-08-24T00:00:00,B,3164 制造六处老化选别,6D0009,SF313-2608000301,17,UK561M200N300AP4APR,1171,1164,1171,1164,7
2026-08-24T00:00:00,B,3164 制造六处老化选别,6D0009,SF313-2608000301,18,UK561M200N300AP4APR,1435,1432,1435,1432,3
2026-08-24T00:00:00,A,3164 制造六处老化选别,6D0009,SF313-2608000301,19,UK561M200N300AP4APR,1184,1177,1184,1177,7
2026-08-25T00:00:00,A,3164 制造六处老化选别,6D0005,SF313-2608000301,20,UK561M200N300AP4APR,1436,1422,1436,1422,14
2026-08-24T00:00:00,A,3164 制造六处老化选别,6D0009,SF313-2608000301,21,UK561M200N300AP4APR,1196,1194,1196,1194,2
2026-08-24T00:00:00,A,3164 制造六处老化选别,6D0005,SF313-2608000301,22,UK561M200N300AP4APR,1426,1418,1426,1418,8
2026-08-24T00:00:00,B,3164 制造六处老化选别,6D0009,SF313-2608000301,23,UK561M200N300AP4APR,1176,1167,1176,1167,9
2026-08-24T00:00:00,B,3164 制造六处老化选别,6D0005,SF313-2608000301,24,UK561M200N300AP4APR,1402,1397,1402,1397,5
2026-08-24T00:00:00,A,3164 制造六处老化选别,6D0009,SF313-2608000301,25,UK561M200N300AP4APR,1400,1328,1400,1328,72
2026-08-24T00:00:00,A,3164 制造六处老化选别,6D0005,SF313-2608000301,26,UK561M200N300AP4APR,1405,1396,1405,1396,9
2026-08-25T00:00:00,B,3164 制造六处老化选别,6D0015,SF313-2608000301,27,UK561M200N300AP4APR,1416,1382,1416,1382,34
2026-08-25T00:00:00,B,3164 制造六处老化选别,6D0015,SF313-2608000301,28,UK561M200N300AP4APR,1399,1396,1399,1396,3
2026-08-24T00:00:00,B,3164 制造六处老化选别,6D0009,SF313-2608000301,29,UK561M200N300AP4APR,1418,1411,1418,1411,7
2026-08-25T00:00:00,B,3164 制造六处老化选别,6D0005,SF313-2608000301,30,UK561M200N300AP4APR,1405,1396,1405,1396,9
2026-08-25T00:00:00,B,3164 制造六处老化选别,6D0005,SF313-2608000301,31,UK561M200N300AP4APR,1161,1127,1161,1127,34
2026-08-26T00:00:00,B,3164 制造六处老化选别,6D0005,SF313-2608000301,32,UK561M200N300AP4APR,1417,1407,1417,1407,10
2026-08-25T00:00:00,B,3164 制造六处老化选别,6D0005,SF313-2608000301,33,UK561M200N300AP4APR,1431,1419,1431,1419,12
2026-08-25T00:00:00,A,3164 制造六处老化选别,6D0005,SF313-2608000301,35,UK561M200N300AP4APR,1160,1144,1160,1144,16
2026-08-26T00:00:00,B,3164 制造六处老化选别,6D0005,SF313-2608000301,36,UK561M200N300AP4APR,1432,1429,1432,1429,3
2026-08-25T00:00:00,A,3164 制造六处老化选别,6D0005,SF313-2608000301,37,UK561M200N300AP4APR,1428,1410,1428,1410,18
2026-08-26T00:00:00,B,3164 制造六处老化选别,6D0005,SF313-2608000301,38,UK561M200N300AP4APR,1432,1426,1432,1426,6
2026-08-28T00:00:00,A,3164 制造六处老化选别,6D0005,SF313-2608000301,40,UK561M200N300AP4APR,1152,1150,1152,1150,2
2026-08-24T00:00:00,A,3161 制造六处釘卷,6DD127,SF313-2608000302,1,UK561M200N300AP4APR,1200,1435,1435,1435,0
2026-08-24T00:00:00,B,3161 制造六处釘卷,6DD127,SF313-2608000302,2,UK561M200N300AP4APR,1200,1220,1220,1220,0
2026-08-24T00:00:00,A,3161 制造六处釘卷,6DD127,SF313-2608000302,3,UK561M200N300AP4APR,1200,1424,1424,1424,0
2026-08-24T00:00:00,B,3161 制造六处釘卷,6DD127,SF313-2608000302,4,UK561M200N300AP4APR,1200,1179,1179,1179,0
2026-08-24T00:00:00,A,3161 制造六处釘卷,6DD127,SF313-2608000302,5,UK561M200N300AP4APR,1200,1405,1405,1405,0
2026-08-24T00:00:00,B,3161 制造六处釘卷,6DD127,SF313-2608000302,6,UK561M200N300AP4APR,1200,1190,1190,1190,0
2026-08-24T00:00:00,A,3161 制造六处釘卷,6DD127,SF313-2608000302,7,UK561M200N300AP4APR,1200,1225,1225,1225,0
2026-08-24T00:00:00,B,3161 制造六处釘卷,6DD127,SF313-2608000302,8,UK561M200N300AP4APR,1200,1427,1427,1427,0
2026-08-24T00:00:00,A,3161 制造六处釘卷,6DD128,SF313-2608000302,9,UK561M200N300AP4APR,1200,1213,1213,1213,0
2026-08-25T00:00:00,B,3161 制造六处釘卷,6DD127,SF313-2608000302,10,UK561M200N300AP4APR,1200,1419,1419,1419,0
2026-08-24T00:00:00,B,3161 制造六处釘卷,6DD128,SF313-2608000302,11,UK561M200N300AP4APR,1200,1234,1234,1234,0
2026-08-25T00:00:00,B,3161 制造六处釘卷,6DD127,SF313-2608000302,12,UK561M200N300AP4APR,1200,1185,1185,1185,0
2026-08-25T00:00:00,B,3161 制造六处釘卷,6DD128,SF313-2608000302,13,UK561M200N300AP4APR,1200,1224,1224,1224,0
2026-08-25T00:00:00,B,3161 制造六处釘卷,6DD127,SF313-2608000302,14,UK561M200N300AP4APR,1200,1194,1194,1194,0
2026-08-25T00:00:00,B,3161 制造六处釘卷,6DD128,SF313-2608000302,15,UK561M200N300AP4APR,1200,1231,1231,1231,0
2026-08-25T00:00:00,B,3161 制造六处釘卷,6DD127,SF313-2608000302,16,UK561M200N300AP4APR,1200,1187,1187,1187,0
2026-08-25T00:00:00,B,3161 制造六处釘卷,6DD128,SF313-2608000302,17,UK561M200N300AP4APR,1200,1232,1232,1232,0
2026-08-25T00:00:00,B,3161 制造六处釘卷,6DD127,SF313-2608000302,18,UK561M200N300AP4APR,1200,1221,1221,1221,0
2026-08-25T00:00:00,A,3161 制造六处釘卷,6DD127,SF313-2608000302,19,UK561M200N300AP4APR,1200,1201,1201,1201,0
2026-08-25T00:00:00,A,3161 制造六处釘卷,6DD128,SF313-2608000302,20,UK561M200N300AP4APR,1200,1222,1222,1222,0
2026-08-25T00:00:00,A,3161 制造六处釘卷,6DD128,SF313-2608000302,21,UK561M200N300AP4APR,1200,1220,1220,1220,0
2026-08-25T00:00:00,A,3161 制造六处釘卷,6DD127,SF313-2608000302,22,UK561M200N300AP4APR,1200,1212,1212,1212,0
2026-08-25T00:00:00,A,3161 制造六处釘卷,6DD128,SF313-2608000302,23,UK561M200N300AP4APR,1200,1220,1220,1220,0
2026-08-25T00:00:00,A,3161 制造六处釘卷,6DD127,SF313-2608000302,24,UK561M200N300AP4APR,1200,1185,1185,1185,0
2026-08-25T00:00:00,A,3161 制造六处釘卷,6DD128,SF313-2608000302,25,UK561M200N300AP4APR,1200,1221,1221,1221,0
2026-08-25T00:00:00,A,3161 制造六处釘卷,6DD127,SF313-2608000302,26,UK561M200N300AP4APR,1200,1212,1212,1212,0
2026-08-25T00:00:00,A,3161 制造六处釘卷,6DD128,SF313-2608000302,27,UK561M200N300AP4APR,1200,1211,1211,1211,0
2026-08-25T00:00:00,A,3161 制造六处釘卷,6DD127,SF313-2608000302,28,UK561M200N300AP4APR,1200,1191,1191,1191,0
2026-08-25T00:00:00,B,3161 制造六处釘卷,6DD128,SF313-2608000302,29,UK561M200N300AP4APR,1200,1208,1208,1208,0
2026-08-25T00:00:00,B,3161 制造六处釘卷,6DD127,SF313-2608000302,30,UK561M200N300AP4APR,1200,1192,1192,1192,0
2026-08-26T00:00:00,B,3161 制造六处釘卷,6DD128,SF313-2608000302,31,UK561M200N300AP4APR,1200,1207,1207,1207,0
2026-08-26T00:00:00,B,3161 制造六处釘卷,6DD127,SF313-2608000302,32,UK561M200N300AP4APR,1200,1193,1193,1193,0
2026-08-26T00:00:00,B,3161 制造六处釘卷,6DD128,SF313-2608000302,33,UK561M200N300AP4APR,1200,1216,1216,1216,0
2026-08-26T00:00:00,B,3161 制造六处釘卷,6DD127,SF313-2608000302,34,UK561M200N300AP4APR,1200,1209,1209,1209,0
2026-08-26T00:00:00,B,3161 制造六处釘卷,6DD127,SF313-2608000302,36,UK561M200N300AP4APR,1200,1428,1428,1428,0
2026-08-26T00:00:00,B,3161 制造六处釘卷,6DD128,SF313-2608000302,37,UK561M200N300AP4APR,1200,1439,1439,1439,0
2026-08-26T00:00:00,A,3161 制造六处釘卷,6DD127,SF313-2608000302,38,UK561M200N300AP4APR,1200,1196,1196,1196,0
2026-08-26T00:00:00,A,3161 制造六处釘卷,6DD128,SF313-2608000302,39,UK561M200N300AP4APR,1200,1238,1238,1238,0
2026-08-26T00:00:00,A,3161 制造六处釘卷,6DD127,SF313-2608000302,40,UK561M200N300AP4APR,1200,1209,1209,1209,0
2026-08-26T00:00:00,A,3161 制造六处釘卷,6DD128,SF313-2608000302,41,UK561M200N300AP4APR,1200,511,511,511,0
2026-08-26T00:00:00,A,3161 制造六处釘卷,6DD127,SF313-2608000302,42,UK561M200N300AP4APR,1200,1213,1213,1213,0
2026-08-26T00:00:00,A,3161 制造六处釘卷,6DD128,SF313-2608000302,43,UK561M200N300AP4APR,1200,1256,1256,1256,0
2026-08-26T00:00:00,A,3161 制造六处釘卷,6DD127,SF313-2608000302,44,UK561M200N300AP4APR,1200,1218,1218,1218,0
2026-08-26T00:00:00,A,3161 制造六处釘卷,6DD128,SF313-2608000302,45,UK561M200N300AP4APR,1200,1235,1235,1235,0
2026-08-26T00:00:00,A,3161 制造六处釘卷,6DD127,SF313-2608000302,46,UK561M200N300AP4APR,1200,1209,1209,1209,0
2026-08-25T00:00:00,A,3162 制造六处自动组立套胶,6B0009,SF313-2608000302,1,UK561M200N300AP4APR,1435,1435,1435,1435,0
2026-08-28T00:00:00,B,3162 制造六处自动组立套胶,6B0007,SF313-2608000302,2,UK561M200N300AP4APR,1220,1220,1220,1220,0
2026-08-26T00:00:00,B,3162 制造六处自动组立套胶,6B0012,SF313-2608000302,3,UK561M200N300AP4APR,1424,1424,1424,1424,0
2026-08-28T00:00:00,B,3162 制造六处自动组立套胶,6B0015,SF313-2608000302,4,UK561M200N300AP4APR,1179,1179,1179,1179,0
2026-08-25T00:00:00,A,3162 制造六处自动组立套胶,6B0009,SF313-2608000302,5,UK561M200N300AP4APR,1405,1405,1405,1405,0
2026-08-28T00:00:00,B,3162 制造六处自动组立套胶,6B0015,SF313-2608000302,6,UK561M200N300AP4APR,1190,1190,1190,1190,0
2026-08-25T00:00:00,A,3162 制造六处自动组立套胶,6B0009,SF313-2608000302,7,UK561M200N300AP4APR,1225,1225,1225,1225,0
2026-08-25T00:00:00,B,3162 制造六处自动组立套胶,6B0009,SF313-2608000302,8,UK561M200N300AP4APR,1427,1427,1427,1427,0
2026-08-27T00:00:00,B,3162 制造六处自动组立套胶,6B0012,SF313-2608000302,9,UK561M200N300AP4APR,1213,1213,1213,1213,0
2026-08-25T00:00:00,B,3162 制造六处自动组立套胶,6B0009,SF313-2608000302,10,UK561M200N300AP4APR,1419,1419,1419,1419,0
2026-08-26T00:00:00,B,3162 制造六处自动组立套胶,6B0009,SF313-2608000302,11,UK561M200N300AP4APR,1234,1234,1234,1234,0
2026-08-25T00:00:00,B,3162 制造六处自动组立套胶,6B0009,SF313-2608000302,12,UK561M200N300AP4APR,1185,1185,1185,1185,0
2026-08-26T00:00:00,B,3162 制造六处自动组立套胶,6B0012,SF313-2608000302,13,UK561M200N300AP4APR,1224,1224,1224,1224,0
2026-08-25T00:00:00,A,3162 制造六处自动组立套胶,6B0009,SF313-2608000302,14,UK561M200N300AP4APR,1194,1194,1194,1194,0
2026-08-26T00:00:00,B,3162 制造六处自动组立套胶,6B0012,SF313-2608000302,15,UK561M200N300AP4APR,1231,1231,1231,1231,0
2026-08-26T00:00:00,B,3162 制造六处自动组立套胶,6B0009,SF313-2608000302,16,UK561M200N300AP4APR,1187,1187,1187,1187,0
2026-08-26T00:00:00,B,3162 制造六处自动组立套胶,6B0009,SF313-2608000302,17,UK561M200N300AP4APR,1232,1232,1232,1232,0
2026-08-26T00:00:00,B,3162 制造六处自动组立套胶,6B0009,SF313-2608000302,18,UK561M200N300AP4APR,1221,1221,1221,1221,0
2026-08-27T00:00:00,B,3162 制造六处自动组立套胶,6B0015,SF313-2608000302,19,UK561M200N300AP4APR,1201,1201,1201,1201,0
2026-08-27T00:00:00,A,3162 制造六处自动组立套胶,6B0007,SF313-2608000302,20,UK561M200N300AP4APR,1222,1222,1222,1222,0
2026-08-27T00:00:00,A,3162 制造六处自动组立套胶,6B0007,SF313-2608000302,21,UK561M200N300AP4APR,1220,1220,1220,1220,0
2026-08-27T00:00:00,B,3162 制造六处自动组立套胶,6B0012,SF313-2608000302,22,UK561M200N300AP4APR,1212,1212,1212,1212,0
2026-08-27T00:00:00,A,3162 制造六处自动组立套胶,6B0007,SF313-2608000302,23,UK561M200N300AP4APR,1220,1220,1220,1220,0
2026-08-26T00:00:00,B,3162 制造六处自动组立套胶,6B0012,SF313-2608000302,24,UK561M200N300AP4APR,1185,1185,1185,1185,0
2026-08-28T00:00:00,B,3162 制造六处自动组立套胶,6B0007,SF313-2608000302,25,UK561M200N300AP4APR,1221,1221,1221,1221,0
2026-08-27T00:00:00,B,3162 制造六处自动组立套胶,6B0012,SF313-2608000302,26,UK561M200N300AP4APR,1212,1212,1212,1212,0
2026-08-27T00:00:00,A,3162 制造六处自动组立套胶,6B0007,SF313-2608000302,27,UK561M200N300AP4APR,1211,1211,1211,1211,0
2026-08-27T00:00:00,B,3162 制造六处自动组立套胶,6B0012,SF313-2608000302,28,UK561M200N300AP4APR,1191,1191,1191,1191,0
2026-08-29T00:00:00,A,3162 制造六处自动组立套胶,6B0007,SF313-2608000302,29,UK561M200N300AP4APR,1208,1208,1208,1208,0
2026-08-27T00:00:00,A,3162 制造六处自动组立套胶,6B0007,SF313-2608000302,30,UK561M200N300AP4APR,1192,1192,1192,1192,0
2026-08-29T00:00:00,A,3162 制造六处自动组立套胶,6B0007,SF313-2608000302,31,UK561M200N300AP4APR,1207,1207,1207,1207,0
2026-08-27T00:00:00,B,3162 制造六处自动组立套胶,6B0012,SF313-2608000302,32,UK561M200N300AP4APR,1193,1193,1193,1193,0
2026-08-29T00:00:00,A,3162 制造六处自动组立套胶,6B0007,SF313-2608000302,33,UK561M200N300AP4APR,1216,1216,1216,1216,0
2026-08-29T00:00:00,A,3162 制造六处自动组立套胶,6B0007,SF313-2608000302,34,UK561M200N300AP4APR,1209,1209,1209,1209,0
2026-08-29T00:00:00,A,3162 制造六处自动组立套胶,6B0007,SF313-2608000302,36,UK561M200N300AP4APR,1428,1428,1428,1428,0
2026-08-29T00:00:00,A,3162 制造六处自动组立套胶,6B0007,SF313-2608000302,37,UK561M200N300AP4APR,1439,1439,1439,1439,0
2026-08-27T00:00:00,B,3162 制造六处自动组立套胶,6B0015,SF313-2608000302,38,UK561M200N300AP4APR,1196,1196,1196,1196,0
2026-08-29T00:00:00,B,3162 制造六处自动组立套胶,6B0007,SF313-2608000302,39,UK561M200N300AP4APR,1238,1238,1238,1238,0
2026-08-29T00:00:00,B,3162 制造六处自动组立套胶,6B0007,SF313-2608000302,40,UK561M200N300AP4APR,1209,1209,1209,1209,0
2026-08-31T00:00:00,B,3162 制造六处自动组立套胶,6B0015,SF313-2608000302,41,UK561M200N300AP4APR,511,511,511,511,0
2026-08-27T00:00:00,B,3162 制造六处自动组立套胶,6B0015,SF313-2608000302,42,UK561M200N300AP4APR,1213,1213,1213,1213,0
2026-08-29T00:00:00,A,3162 制造六处自动组立套胶,6B0007,SF313-2608000302,43,UK561M200N300AP4APR,1256,1256,1256,1256,0
2026-08-27T00:00:00,A,3162 制造六处自动组立套胶,6B0015,SF313-2608000302,44,UK561M200N300AP4APR,1218,1218,1218,1218,0
2026-08-29T00:00:00,A,3162 制造六处自动组立套胶,6B0007,SF313-2608000302,45,UK561M200N300AP4APR,1235,1235,1235,1235,0
2026-08-30T00:00:00,B,3162 制造六处自动组立套胶,6B0007,SF313-2608000302,46,UK561M200N300AP4APR,1209,1209,1209,1209,0
2026-08-26T00:00:00,B,3164 制造六处老化选别,6D0005,SF313-2608000302,1,UK561M200N300AP4APR,1435,1428,1435,1428,7
2026-08-29T00:00:00,A,3164 制造六处老化选别,6D0005,SF313-2608000302,2,UK561M200N300AP4APR,1220,1216,1220,1216,4
2026-08-27T00:00:00,B,3164 制造六处老化选别,6D0005,SF313-2608000302,3,UK561M200N300AP4APR,1424,1418,1424,1418,6
2026-08-28T00:00:00,A,3164 制造六处老化选别,6D0005,SF313-2608000302,4,UK561M200N300AP4APR,1179,1172,1179,1172,7
2026-08-26T00:00:00,B,3164 制造六处老化选别,6D0005,SF313-2608000302,5,UK561M200N300AP4APR,1405,1400,1405,1400,5
2026-08-28T00:00:00,A,3164 制造六处老化选别,6D0005,SF313-2608000302,6,UK561M200N300AP4APR,1190,1181,1190,1181,9
2026-08-26T00:00:00,A,3164 制造六处老化选别,6D0005,SF313-2608000302,7,UK561M200N300AP4APR,1225,1212,1225,1212,13
2026-08-27T00:00:00,B,3164 制造六处老化选别,6D0005,SF313-2608000302,8,UK561M200N300AP4APR,1427,1423,1427,1423,4
2026-08-27T00:00:00,B,3164 制造六处老化选别,6D0005,SF313-2608000302,9,UK561M200N300AP4APR,1213,1197,1213,1197,16
2026-08-27T00:00:00,B,3164 制造六处老化选别,6D0005,SF313-2608000302,10,UK561M200N300AP4APR,1419,1415,1419,1415,4
2026-08-26T00:00:00,A,3164 制造六处老化选别,6D0005,SF313-2608000302,11,UK561M200N300AP4APR,1234,1229,1234,1229,5
2026-08-27T00:00:00,B,3164 制造六处老化选别,6D0005,SF313-2608000302,12,UK561M200N300AP4APR,1185,1176,1185,1176,9
2026-08-27T00:00:00,B,3164 制造六处老化选别,6D0005,SF313-2608000302,13,UK561M200N300AP4APR,1224,1218,1224,1218,6
2026-08-26T00:00:00,B,3164 制造六处老化选别,6D0005,SF313-2608000302,14,UK561M200N300AP4APR,1194,1186,1194,1186,8
2026-08-27T00:00:00,B,3164 制造六处老化选别,6D0015,SF313-2608000302,15,UK561M200N300AP4APR,1231,1157,1231,1157,74
2026-08-26T00:00:00,B,3164 制造六处老化选别,6D0005,SF313-2608000302,16,UK561M200N300AP4APR,1187,1184,1187,1184,3
2026-08-26T00:00:00,A,3164 制造六处老化选别,6D0005,SF313-2608000302,17,UK561M200N300AP4APR,1232,1223,1232,1223,9
2026-08-26T00:00:00,A,3164 制造六处老化选别,6D0017,SF313-2608000302,18,UK561M200N300AP4APR,1221,1217,1221,1217,4
2026-08-28T00:00:00,A,3164 制造六处老化选别,6D0005,SF313-2608000302,19,UK561M200N300AP4APR,1201,1194,1201,1194,7
2026-08-28T00:00:00,B,3164 制造六处老化选别,6D0005,SF313-2608000302,20,UK561M200N300AP4APR,1222,1219,1222,1219,3
2026-08-28T00:00:00,B,3164 制造六处老化选别,6D0005,SF313-2608000302,21,UK561M200N300AP4APR,1220,1213,1220,1213,7
2026-08-27T00:00:00,A,3164 制造六处老化选别,6D0005,SF313-2608000302,22,UK561M200N300AP4APR,1212,1205,1212,1205,7
2026-08-28T00:00:00,A,3164 制造六处老化选别,6D0005,SF313-2608000302,23,UK561M200N300AP4APR,1220,1218,1220,1218,2
2026-08-27T00:00:00,A,3164 制造六处老化选别,6D0005,SF313-2608000302,24,UK561M200N300AP4APR,1185,1181,1185,1181,4
2026-08-28T00:00:00,B,3164 制造六处老化选别,6D0005,SF313-2608000302,25,UK561M200N300AP4APR,1221,1217,1221,1217,4
2026-08-27T00:00:00,A,3164 制造六处老化选别,6D0005,SF313-2608000302,26,UK561M200N300AP4APR,1212,1207,1212,1207,5
2026-08-28T00:00:00,B,3164 制造六处老化选别,6D0005,SF313-2608000302,27,UK561M200N300AP4APR,1211,1207,1211,1207,4
2026-08-27T00:00:00,A,3164 制造六处老化选别,6D0005,SF313-2608000302,28,UK561M200N300AP4APR,1191,1186,1191,1186,5
2026-08-31T00:00:00,A,3164 制造六处老化选别,6D0005,SF313-2608000302,29,UK561M200N300AP4APR,1208,1098,1208,1098,110
2026-08-28T00:00:00,B,3164 制造六处老化选别,6D0005,SF313-2608000302,30,UK561M200N300AP4APR,1192,1188,1192,1188,4
2026-08-31T00:00:00,A,3164 制造六处老化选别,6D0005,SF313-2608000302,31,UK561M200N300AP4APR,1207,1155,1207,1155,52
2026-08-27T00:00:00,A,3164 制造六处老化选别,6D0005,SF313-2608000302,32,UK561M200N300AP4APR,1193,1189,1193,1189,4
2026-09-01T00:00:00,A,3164 制造六处老化选别,6D0005,SF313-2608000302,33,UK561M200N300AP4APR,1216,1216,1216,1216,0
2026-09-01T00:00:00,B,3164 制造六处老化选别,6D0005,SF313-2608000302,34,UK561M200N300AP4APR,1209,1191,1209,1191,18
2026-08-31T00:00:00,B,3164 制造六处老化选别,6D0005,SF313-2608000302,36,UK561M200N300AP4APR,1428,1416,1428,1416,12
2026-08-31T00:00:00,B,3164 制造六处老化选别,6D0005,SF313-2608000302,37,UK561M200N300AP4APR,1439,1435,1439,1435,4
2026-08-28T00:00:00,A,3164 制造六处老化选别,6D0005,SF313-2608000302,38,UK561M200N300AP4APR,1196,1189,1196,1189,7
2026-09-01T00:00:00,A,3164 制造六处老化选别,6D0009,SF313-2608000302,39,UK561M200N300AP4APR,1238,1221,1238,1221,17
2026-09-02T00:00:00,A,3164 制造六处老化选别,6D0009,SF313-2608000302,40,UK561M200N300AP4APR,1209,1205,1209,1205,4
2026-09-05T00:00:00,A,3164 制造六处老化选别,6D0005,SF313-2608000302,41,UK561M200N300AP4APR,511,509,511,509,2
2026-08-28T00:00:00,A,3164 制造六处老化选别,6D0005,SF313-2608000302,42,UK561M200N300AP4APR,1213,1206,1213,1206,7
2026-09-01T00:00:00,A,3164 制造六处老化选别,6D0009,SF313-2608000302,43,UK561M200N300AP4APR,1256,1247,1256,1247,9
2026-08-28T00:00:00,B,3164 制造六处老化选别,6D0005,SF313-2608000302,44,UK561M200N300AP4APR,1218,1208,1218,1208,10
2026-09-01T00:00:00,A,3164 制造六处老化选别,6D0009,SF313-2608000302,45,UK561M200N300AP4APR,1235,1223,1235,1223,12
2026-09-01T00:00:00,A,3164 制造六处老化选别,6D0005,SF313-2608000302,46,UK561M200N300AP4APR,1209,1209,1209,1209,0
2026-08-24T00:00:00,B,3161 制造六处釘卷,6DD098,SF313-2608000303,1,UK561M200N300AP4APR,1200,1200,1200,1200,0
2026-08-24T00:00:00,B,3161 制造六处釘卷,6DD099,SF313-2608000303,2,UK561M200N300AP4APR,1200,1197,1197,1197,0
2026-08-24T00:00:00,B,3161 制造六处釘卷,6DD098,SF313-2608000303,3,UK561M200N300AP4APR,1200,1200,1200,1200,0
2026-08-24T00:00:00,B,3161 制造六处釘卷,6DD099,SF313-2608000303,4,UK561M200N300AP4APR,1200,1183,1183,1183,0
2026-08-24T00:00:00,B,3161 制造六处釘卷,6DD098,SF313-2608000303,5,UK561M200N300AP4APR,1200,1185,1185,1185,0
2026-08-24T00:00:00,B,3161 制造六处釘卷,6DD099,SF313-2608000303,6,UK561M200N300AP4APR,1200,1200,1200,1200,0
2026-08-24T00:00:00,B,3161 制造六处釘卷,6DD098,SF313-2608000303,7,UK561M200N300AP4APR,1200,1184,1184,1184,0
2026-08-24T00:00:00,A,3161 制造六处釘卷,6DD099,SF313-2608000303,8,UK561M200N300AP4APR,1200,1432,1432,1432,0
2026-08-24T00:00:00,B,3161 制造六处釘卷,6DD098,SF313-2608000303,9,UK561M200N300AP4APR,1200,1173,1173,1173,0
2026-08-24T00:00:00,A,3161 制造六处釘卷,6DD099,SF313-2608000303,10,UK561M200N300AP4APR,1200,1439,1439,1439,0
2026-08-24T00:00:00,A,3161 制造六处釘卷,6DD098,SF313-2608000303,11,UK561M200N300AP4APR,1200,1435,1435,1435,0
2026-08-24T00:00:00,B,3161 制造六处釘卷,6DD099,SF313-2608000303,12,UK561M200N300AP4APR,1200,1200,1200,1200,0
2026-08-24T00:00:00,B,3161 制造六处釘卷,6DD098,SF313-2608000303,13,UK561M200N300AP4APR,1200,1200,1200,1200,0
2026-08-24T00:00:00,B,3161 制造六处釘卷,6DD099,SF313-2608000303,14,UK561M200N300AP4APR,1200,1200,1200,1200,0
2026-08-24T00:00:00,B,3161 制造六处釘卷,6DD098,SF313-2608000303,15,UK561M200N300AP4APR,1200,1200,1200,1200,0
2026-08-24T00:00:00,B,3161 制造六处釘卷,6DD099,SF313-2608000303,16,UK561M200N300AP4APR,1200,1200,1200,1200,0
2026-08-24T00:00:00,B,3161 制造六处釘卷,6DD098,SF313-2608000303,17,UK561M200N300AP4APR,1200,1200,1200,1200,0
2026-08-25T00:00:00,B,3161 制造六处釘卷,6DD099,SF313-2608000303,18,UK561M200N300AP4APR,1200,1205,1205,1205,0
2026-08-25T00:00:00,B,3161 制造六处釘卷,6DD098,SF313-2608000303,19,UK561M200N300AP4APR,1200,1239,1239,1239,0
2026-08-25T00:00:00,A,3161 制造六处釘卷,6DD099,SF313-2608000303,20,UK561M200N300AP4APR,1200,1437,1437,1437,0
2026-08-25T00:00:00,A,3161 制造六处釘卷,6DD098,SF313-2608000303,21,UK561M200N300AP4APR,1200,1438,1438,1438,0
2026-08-25T00:00:00,A,3161 制造六处釘卷,6DD099,SF313-2608000303,22,UK561M200N300AP4APR,1200,1428,1428,1428,0
2026-08-25T00:00:00,A,3161 制造六处釘卷,6DD098,SF313-2608000303,23,UK561M200N300AP4APR,1200,1434,1434,1434,0
2026-08-25T00:00:00,A,3161 制造六处釘卷,6DD099,SF313-2608000303,24,UK561M200N300AP4APR,1200,1435,1435,1435,0
2026-08-25T00:00:00,B,3161 制造六处釘卷,6DD098,SF313-2608000303,25,UK561M200N300AP4APR,1200,1400,1400,1400,0
2026-08-25T00:00:00,B,3161 制造六处釘卷,6DD099,SF313-2608000303,26,UK561M200N300AP4APR,1200,1400,1400,1400,0
2026-08-25T00:00:00,B,3161 制造六处釘卷,6DD098,SF313-2608000303,27,UK561M200N300AP4APR,1200,1400,1400,1400,0
2026-08-25T00:00:00,B,3161 制造六处釘卷,6DD099,SF313-2608000303,28,UK561M200N300AP4APR,1200,1400,1400,1400,0
2026-08-25T00:00:00,B,3161 制造六处釘卷,6DD098,SF313-2608000303,29,UK561M200N300AP4APR,1200,1400,1400,1400,0
2026-08-25T00:00:00,B,3161 制造六处釘卷,6DD099,SF313-2608000303,30,UK561M200N300AP4APR,1200,1400,1400,1400,0
2026-08-26T00:00:00,B,3161 制造六处釘卷,6DD098,SF313-2608000303,31,UK561M200N300AP4APR,1200,1200,1200,1200,0
2026-08-26T00:00:00,B,3161 制造六处釘卷,6DD099,SF313-2608000303,32,UK561M200N300AP4APR,1200,1200,1200,1200,0
2026-08-26T00:00:00,A,3161 制造六处釘卷,6DD098,SF313-2608000303,33,UK561M200N300AP4APR,1200,1434,1434,1434,0
2026-08-26T00:00:00,A,3161 制造六处釘卷,6DD099,SF313-2608000303,34,UK561M200N300AP4APR,1200,1416,1416,1416,0
2026-08-26T00:00:00,A,3161 制造六处釘卷,6DD098,SF313-2608000303,35,UK561M200N300AP4APR,1200,1433,1433,1433,0
2026-08-26T00:00:00,A,3161 制造六处釘卷,6DD099,SF313-2608000303,36,UK561M200N300AP4APR,1200,1424,1424,1424,0
2026-08-26T00:00:00,B,3161 制造六处釘卷,6DD098,SF313-2608000303,37,UK561M200N300AP4APR,1200,1400,1400,1400,0
2026-08-26T00:00:00,B,3161 制造六处釘卷,6DD099,SF313-2608000303,38,UK561M200N300AP4APR,1200,1400,1400,1400,0
2026-08-26T00:00:00,B,3161 制造六处釘卷,6DD098,SF313-2608000303,39,UK561M200N300AP4APR,1200,1400,1400,1400,0
2026-08-27T00:00:00,B,3161 制造六处釘卷,6DD099,SF313-2608000303,40,UK561M200N300AP4APR,1200,1400,1400,1400,0
2026-08-27T00:00:00,B,3161 制造六处釘卷,6DD098,SF313-2608000303,41,UK561M200N300AP4APR,1200,1400,1400,1400,0
2026-08-27T00:00:00,B,3161 制造六处釘卷,6DD099,SF313-2608000303,42,UK561M200N300AP4APR,1200,1126,1126,1126,0
2026-08-24T00:00:00,A,3162 制造六处自动组立套胶,6B0032,SF313-2608000303,1,UK561M200N300AP4APR,1200,1200,1200,1200,0
2026-08-25T00:00:00,A,3162 制造六处自动组立套胶,6B0009,SF313-2608000303,2,UK561M200N300AP4APR,1197,1197,1197,1197,0
2026-08-24T00:00:00,A,3162 制造六处自动组立套胶,6B0032,SF313-2608000303,3,UK561M200N300AP4APR,1200,1200,1200,1200,0
2026-08-25T00:00:00,A,3162 制造六处自动组立套胶,6B0009,SF313-2608000303,4,UK561M200N300AP4APR,1183,1183,1183,1183,0
2026-08-25T00:00:00,A,3162 制造六处自动组立套胶,6B0009,SF313-2608000303,5,UK561M200N300AP4APR,1185,1185,1185,1185,0
2026-08-24T00:00:00,A,3162 制造六处自动组立套胶,6B0032,SF313-2608000303,6,UK561M200N300AP4APR,1200,1200,1200,1200,0
2026-08-25T00:00:00,B,3162 制造六处自动组立套胶,6B0009,SF313-2608000303,7,UK561M200N300AP4APR,1184,1184,1184,1184,0
2026-08-25T00:00:00,B,3162 制造六处自动组立套胶,6B0032,SF313-2608000303,8,UK561M200N300AP4APR,1432,1432,1432,1432,0
2026-08-25T00:00:00,A,3162 制造六处自动组立套胶,6B0012,SF313-2608000303,9,UK561M200N300AP4APR,1173,1173,1173,1173,0
2026-08-25T00:00:00,B,3162 制造六处自动组立套胶,6B0032,SF313-2608000303,10,UK561M200N300AP4APR,1439,1439,1439,1439,0
2026-08-24T00:00:00,A,3162 制造六处自动组立套胶,6B0032,SF313-2608000303,11,UK561M200N300AP4APR,1435,1435,1435,1435,0
2026-08-25T00:00:00,B,3162 制造六处自动组立套胶,6B0032,SF313-2608000303,12,UK561M200N300AP4APR,1200,1200,1200,1200,0
2026-08-25T00:00:00,B,3162 制造六处自动组立套胶,6B0032,SF313-2608000303,13,UK561M200N300AP4APR,1200,1200,1200,1200,0
2026-08-25T00:00:00,B,3162 制造六处自动组立套胶,6B0032,SF313-2608000303,14,UK561M200N300AP4APR,1200,1200,1200,1200,0
2026-08-25T00:00:00,B,3162 制造六处自动组立套胶,6B0032,SF313-2608000303,15,UK561M200N300AP4APR,1200,1200,1200,1200,0
2026-08-25T00:00:00,A,3162 制造六处自动组立套胶,6B0032,SF313-2608000303,16,UK561M200N300AP4APR,1200,1200,1200,1200,0
2026-08-25T00:00:00,A,3162 制造六处自动组立套胶,6B0032,SF313-2608000303,17,UK561M200N300AP4APR,1200,1200,1200,1200,0
2026-08-27T00:00:00,B,3162 制造六处自动组立套胶,6B0012,SF313-2608000303,18,UK561M200N300AP4APR,1205,1205,1205,1205,0
2026-08-27T00:00:00,B,3162 制造六处自动组立套胶,6B0012,SF313-2608000303,19,UK561M200N300AP4APR,1239,1239,1239,1239,0
2026-08-25T00:00:00,A,3162 制造六处自动组立套胶,6B0032,SF313-2608000303,20,UK561M200N300AP4APR,1437,1437,1437,1437,0
2026-08-25T00:00:00,A,3162 制造六处自动组立套胶,6B0032,SF313-2608000303,21,UK561M200N300AP4APR,1438,1438,1438,1438,0
2026-08-25T00:00:00,A,3162 制造六处自动组立套胶,6B0032,SF313-2608000303,22,UK561M200N300AP4APR,1428,1428,1428,1428,0
2026-08-25T00:00:00,A,3162 制造六处自动组立套胶,6B0032,SF313-2608000303,23,UK561M200N300AP4APR,1434,1434,1434,1434,0
2026-08-26T00:00:00,B,3162 制造六处自动组立套胶,6B0032,SF313-2608000303,24,UK561M200N300AP4APR,1435,1435,1435,1435,0
2026-08-26T00:00:00,B,3162 制造六处自动组立套胶,6B0032,SF313-2608000303,25,UK561M200N300AP4APR,1400,1400,1400,1400,0
2026-08-26T00:00:00,B,3162 制造六处自动组立套胶,6B0032,SF313-2608000303,26,UK561M200N300AP4APR,1400,1400,1400,1400,0
2026-08-26T00:00:00,B,3162 制造六处自动组立套胶,6B0032,SF313-2608000303,27,UK561M200N300AP4APR,1400,1400,1400,1400,0
2026-08-26T00:00:00,B,3162 制造六处自动组立套胶,6B0032,SF313-2608000303,28,UK561M200N300AP4APR,1400,1400,1400,1400,0
2026-08-26T00:00:00,A,3162 制造六处自动组立套胶,6B0032,SF313-2608000303,29,UK561M200N300AP4APR,1400,1400,1400,1400,0
2026-08-26T00:00:00,A,3162 制造六处自动组立套胶,6B0032,SF313-2608000303,30,UK561M200N300AP4APR,1400,1400,1400,1400,0
2026-08-31T00:00:00,A,3162 制造六处自动组立套胶,6B0007,SF313-2608000303,31,UK561M200N300AP4APR,1200,1200,1200,1200,0
2026-08-28T00:00:00,A,3162 制造六处自动组立套胶,6B0007,SF313-2608000303,32,UK561M200N300AP4APR,1200,1200,1200,1200,0
2026-08-26T00:00:00,A,3162 制造六处自动组立套胶,6B0032,SF313-2608000303,33,UK561M200N300AP4APR,1434,1434,1434,1434,0
2026-08-26T00:00:00,A,3162 制造六处自动组立套胶,6B0032,SF313-2608000303,34,UK561M200N300AP4APR,1416,1416,1416,1416,0
2026-08-27T00:00:00,A,3162 制造六处自动组立套胶,6B0032,SF313-2608000303,35,UK561M200N300AP4APR,1433,1433,1433,1433,0
2026-08-27T00:00:00,B,3162 制造六处自动组立套胶,6B0032,SF313-2608000303,36,UK561M200N300AP4APR,1424,1424,1424,1424,0
2026-08-27T00:00:00,B,3162 制造六处自动组立套胶,6B0032,SF313-2608000303,37,UK561M200N300AP4APR,1400,1400,1400,1400,0
2026-08-27T00:00:00,B,3162 制造六处自动组立套胶,6B0032,SF313-2608000303,38,UK561M200N300AP4APR,1400,1400,1400,1400,0
2026-08-27T00:00:00,B,3162 制造六处自动组立套胶,6B0032,SF313-2608000303,39,UK561M200N300AP4APR,1400,1400,1400,1400,0
2026-08-27T00:00:00,B,3162 制造六处自动组立套胶,6B0032,SF313-2608000303,40,UK561M200N300AP4APR,1400,1400,1400,1400,0
2026-08-27T00:00:00,A,3162 制造六处自动组立套胶,6B0032,SF313-2608000303,41,UK561M200N300AP4APR,1400,1400,1400,1400,0
2026-09-05T00:00:00,A,3162 制造六处自动组立套胶,6B0012,SF313-2608000303,42,UK561M200N300AP4APR,1126,1126,1126,1126,0
2026-08-25T00:00:00,A,3164 制造六处老化选别,6D0015,SF313-2608000303,1,UK561M200N300AP4APR,1200,1197,1200,1197,3
2026-08-26T00:00:00,A,3164 制造六处老化选别,6D0005,SF313-2608000303,2,UK561M200N300AP4APR,1197,1191,1197,1191,6
2026-08-25T00:00:00,B,3164 制造六处老化选别,6D0005,SF313-2608000303,3,UK561M200N300AP4APR,1200,1183,1200,1183,17
2026-08-26T00:00:00,A,3164 制造六处老化选别,6D0005,SF313-2608000303,4,UK561M200N300AP4APR,1183,1180,1183,1180,3
2026-08-26T00:00:00,A,3164 制造六处老化选别,6D0005,SF313-2608000303,5,UK561M200N300AP4APR,1185,1184,1185,1184,1
2026-08-25T00:00:00,A,3164 制造六处老化选别,6D0005,SF313-2608000303,6,UK561M200N300AP4APR,1200,1190,1200,1190,10
2026-08-25T00:00:00,B,3164 制造六处老化选别,6D0009,SF313-2608000303,7,UK561M200N300AP4APR,1184,1169,1184,1169,15
2026-08-25T00:00:00,A,3164 制造六处老化选别,6D0015,SF313-2608000303,8,UK561M200N300AP4APR,1432,1418,1432,1418,14
2026-08-27T00:00:00,A,3164 制造六处老化选别,6D0005,SF313-2608000303,9,UK561M200N300AP4APR,1173,1163,1173,1163,10
2026-08-25T00:00:00,A,3164 制造六处老化选别,6D0015,SF313-2608000303,10,UK561M200N300AP4APR,1439,1435,1439,1435,4
2026-08-25T00:00:00,A,3164 制造六处老化选别,6D0015,SF313-2608000303,11,UK561M200N300AP4APR,1435,1431,1435,1431,4
2026-08-25T00:00:00,A,3164 制造六处老化选别,6D0015,SF313-2608000303,12,UK561M200N300AP4APR,1200,1199,1200,1199,1
2026-08-25T00:00:00,A,3164 制造六处老化选别,6D0015,SF313-2608000303,13,UK561M200N300AP4APR,1200,1198,1200,1198,2
2026-08-26T00:00:00,A,3164 制造六处老化选别,6D0015,SF313-2608000303,14,UK561M200N300AP4APR,1200,1193,1200,1193,7
2026-08-26T00:00:00,A,3164 制造六处老化选别,6D0015,SF313-2608000303,15,UK561M200N300AP4APR,1200,1178,1200,1178,22
2026-08-26T00:00:00,B,3164 制造六处老化选别,6D0015,SF313-2608000303,16,UK561M200N300AP4APR,1200,1197,1200,1197,3
2026-08-26T00:00:00,B,3164 制造六处老化选别,6D0015,SF313-2608000303,17,UK561M200N300AP4APR,1200,1190,1200,1190,10
2026-08-27T00:00:00,B,3164 制造六处老化选别,6D0005,SF313-2608000303,18,UK561M200N300AP4APR,1205,1197,1205,1197,8
2026-08-27T00:00:00,B,3164 制造六处老化选别,6D0005,SF313-2608000303,19,UK561M200N300AP4APR,1239,1232,1239,1232,7
2026-08-26T00:00:00,A,3164 制造六处老化选别,6D0015,SF313-2608000303,20,UK561M200N300AP4APR,1437,1431,1437,1431,6
2026-08-26T00:00:00,A,3164 制造六处老化选别,6D0015,SF313-2608000303,21,UK561M200N300AP4APR,1438,1428,1438,1428,10
2026-08-26T00:00:00,B,3164 制造六处老化选别,6D0015,SF313-2608000303,22,UK561M200N300AP4APR,1428,1425,1428,1425,3
2026-08-26T00:00:00,B,3164 制造六处老化选别,6D0015,SF313-2608000303,23,UK561M200N300AP4APR,1434,1429,1434,1429,5
2026-08-26T00:00:00,A,3164 制造六处老化选别,6D0015,SF313-2608000303,24,UK561M200N300AP4APR,1435,1435,1435,1435,0
2026-08-26T00:00:00,A,3164 制造六处老化选别,6D0015,SF313-2608000303,25,UK561M200N300AP4APR,1400,1397,1400,1397,3
2026-08-27T00:00:00,B,3164 制造六处老化选别,6D0015,SF313-2608000303,26,UK561M200N300AP4APR,1400,1396,1400,1396,4
2026-08-26T00:00:00,A,3164 制造六处老化选别,6D0015,SF313-2608000303,27,UK561M200N300AP4APR,1400,1391,1400,1391,9
2026-08-27T00:00:00,B,3164 制造六处老化选别,6D0015,SF313-2608000303,28,UK561M200N300AP4APR,1400,1394,1400,1394,6
2026-08-27T00:00:00,A,3164 制造六处老化选别,6D0015,SF313-2608000303,29,UK561M200N300AP4APR,1400,1378,1400,1378,22
2026-08-27T00:00:00,A,3164 制造六处老化选别,6D0015,SF313-2608000303,30,UK561M200N300AP4APR,1400,1396,1400,1396,4
2026-09-02T00:00:00,A,3164 制造六处老化选别,6D0005,SF313-2608000303,31,UK561M200N300AP4APR,1200,1187,1200,1187,13
2026-08-29T00:00:00,B,3164 制造六处老化选别,6D0005,SF313-2608000303,32,UK561M200N300AP4APR,1200,1191,1200,1191,9
2026-08-27T00:00:00,B,3164 制造六处老化选别,6D0015,SF313-2608000303,33,UK561M200N300AP4APR,1434,1429,1434,1429,5
2026-08-27T00:00:00,B,3164 制造六处老化选别,6D0015,SF313-2608000303,34,UK561M200N300AP4APR,1416,1416,1416,1416,0
2026-08-27T00:00:00,A,3164 制造六处老化选别,6D0015,SF313-2608000303,35,UK561M200N300AP4APR,1433,1433,1433,1433,0
2026-08-28T00:00:00,B,3164 制造六处老化选别,6D0015,SF313-2608000303,36,UK561M200N300AP4APR,1424,1420,1424,1420,4
2026-08-27T00:00:00,A,3164 制造六处老化选别,6D0015,SF313-2608000303,37,UK561M200N300AP4APR,1400,1377,1400,1377,23
2026-08-27T00:00:00,A,3164 制造六处老化选别,6D0015,SF313-2608000303,38,UK561M200N300AP4APR,1400,1378,1400,1378,22
2026-08-27T00:00:00,B,3164 制造六处老化选别,6D0015,SF313-2608000303,39,UK561M200N300AP4APR,1400,1377,1400,1377,23
2026-08-27T00:00:00,B,3164 制造六处老化选别,6D0015,SF313-2608000303,40,UK561M200N300AP4APR,1400,1371,1400,1371,29
2026-08-28T00:00:00,B,3164 制造六处老化选别,6D0015,SF313-2608000303,41,UK561M200N300AP4APR,1400,1392,1400,1392,8
2026-09-07T00:00:00,B,3164 制造六处老化选别,6D0005,SF313-2608000303,42,UK561M200N300AP4APR,1126,1111,1126,1111,15
2026-08-25T00:00:00,B,3161 制造六处釘卷,6DD119,SF313-2608000304,1,UK561M200N300AP4APR,1200,1241,1241,1241,0
2026-08-25T00:00:00,B,3161 制造六处釘卷,6DD119,SF313-2608000304,2,UK561M200N300AP4APR,1200,1244,1244,1244,0
2026-08-25T00:00:00,B,3161 制造六处釘卷,6DD119,SF313-2608000304,3,UK561M200N300AP4APR,1200,1248,1248,1248,0
2026-08-25T00:00:00,A,3161 制造六处釘卷,6DD119,SF313-2608000304,4,UK561M200N300AP4APR,1200,1225,1225,1225,0
2026-08-25T00:00:00,B,3161 制造六处釘卷,6DD119,SF313-2608000304,5,UK561M200N300AP4APR,1200,1140,1140,1140,0
2026-08-26T00:00:00,B,3161 制造六处釘卷,6DD119,SF313-2608000304,6,UK561M200N300AP4APR,1200,1162,1162,1162,0
2026-08-24T00:00:00,B,3161 制造六处釘卷,6DD117,SF313-2608000304,7,UK561M200N300AP4APR,1200,1240,1240,1240,0
2026-08-26T00:00:00,B,3161 制造六处釘卷,6DD119,SF313-2608000304,8,UK561M200N300AP4APR,1200,1159,1159,1159,0
2026-08-25T00:00:00,B,3161 制造六处釘卷,6DD117,SF313-2608000304,9,UK561M200N300AP4APR,1200,1253,1253,1253,0
2026-08-26T00:00:00,B,3161 制造六处釘卷,6DD119,SF313-2608000304,10,UK561M200N300AP4APR,1200,1197,1197,1197,0
2026-08-26T00:00:00,A,3161 制造六处釘卷,6DD117,SF313-2608000304,11,UK561M200N300AP4APR,1200,1163,1163,1163,0
2026-08-26T00:00:00,B,3161 制造六处釘卷,6DD119,SF313-2608000304,12,UK561M200N300AP4APR,1200,1187,1187,1187,0
2026-08-26T00:00:00,A,3161 制造六处釘卷,6DD117,SF313-2608000304,13,UK561M200N300AP4APR,1200,1189,1189,1189,0
2026-08-26T00:00:00,A,3161 制造六处釘卷,6DD119,SF313-2608000304,14,UK561M200N300AP4APR,1200,1234,1234,1234,0
2026-08-27T00:00:00,B,3161 制造六处釘卷,6DD117,SF313-2608000304,15,UK561M200N300AP4APR,1200,1247,1247,1247,0
2026-08-26T00:00:00,B,3161 制造六处釘卷,6DD119,SF313-2608000304,16,UK561M200N300AP4APR,1200,1242,1242,1242,0
2026-08-27T00:00:00,A,3161 制造六处釘卷,6DD117,SF313-2608000304,17,UK561M200N300AP4APR,1200,1243,1243,1243,0
2026-08-27T00:00:00,B,3161 制造六处釘卷,6DD119,SF313-2608000304,18,UK561M200N300AP4APR,1200,1236,1236,1236,0
2026-08-27T00:00:00,A,3161 制造六处釘卷,6DD117,SF313-2608000304,19,UK561M200N300AP4APR,1200,1220,1220,1220,0
2026-08-27T00:00:00,B,3161 制造六处釘卷,6DD119,SF313-2608000304,20,UK561M200N300AP4APR,1200,1251,1251,1251,0
2026-08-27T00:00:00,B,3161 制造六处釘卷,6DD117,SF313-2608000304,21,UK561M200N300AP4APR,1200,1256,1256,1256,0
2026-08-27T00:00:00,B,3161 制造六处釘卷,6DD119,SF313-2608000304,22,UK561M200N300AP4APR,1200,1246,1246,1246,0
2026-08-28T00:00:00,B,3161 制造六处釘卷,6DD117,SF313-2608000304,23,UK561M200N300AP4APR,1200,1252,1252,1252,0
2026-08-27T00:00:00,B,3161 制造六处釘卷,6DD119,SF313-2608000304,24,UK561M200N300AP4APR,1200,1248,1248,1248,0
2026-08-28T00:00:00,B,3161 制造六处釘卷,6DD117,SF313-2608000304,25,UK561M200N300AP4APR,1200,1200,1200,1200,0
2026-08-28T00:00:00,B,3161 制造六处釘卷,6DD119,SF313-2608000304,26,UK561M200N300AP4APR,1200,1186,1186,1186,0
2026-08-28T00:00:00,A,3161 制造六处釘卷,6DD117,SF313-2608000304,27,UK561M200N300AP4APR,1200,1167,1167,1167,0
2026-08-28T00:00:00,A,3161 制造六处釘卷,6DD119,SF313-2608000304,28,UK561M200N300AP4APR,1200,1155,1155,1155,0
2026-08-29T00:00:00,B,3161 制造六处釘卷,6DD117,SF313-2608000304,29,UK561M200N300AP4APR,1200,955,955,955,0
2026-08-28T00:00:00,B,3161 制造六处釘卷,6DD119,SF313-2608000304,30,UK561M200N300AP4APR,1200,1199,1199,1199,0
2026-08-29T00:00:00,B,3161 制造六处釘卷,6DD117,SF313-2608000304,31,UK561M200N300AP4APR,1200,1178,1178,1178,0
2026-08-28T00:00:00,B,3161 制造六处釘卷,6DD119,SF313-2608000304,32,UK561M200N300AP4APR,1200,1195,1195,1195,0
2026-08-29T00:00:00,B,3161 制造六处釘卷,6DD117,SF313-2608000304,33,UK561M200N300AP4APR,1200,1171,1171,1171,0
2026-08-29T00:00:00,B,3161 制造六处釘卷,6DD119,SF313-2608000304,34,UK561M200N300AP4APR,1200,1189,1189,1189,0
2026-08-29T00:00:00,B,3161 制造六处釘卷,6DD117,SF313-2608000304,35,UK561M200N300AP4APR,1200,1147,1147,1147,0
2026-08-29T00:00:00,B,3161 制造六处釘卷,6DD119,SF313-2608000304,36,UK561M200N300AP4APR,1200,1178,1178,1178,0
2026-08-26T00:00:00,B,3162 制造六处自动组立套胶,6B0012,SF313-2608000304,1,UK561M200N300AP4APR,1241,1241,1241,1241,0
2026-08-26T00:00:00,B,3162 制造六处自动组立套胶,6B0012,SF313-2608000304,2,UK561M200N300AP4APR,1244,1244,1244,1244,0
2026-08-26T00:00:00,B,3162 制造六处自动组立套胶,6B0012,SF313-2608000304,3,UK561M200N300AP4APR,1248,1248,1248,1248,0
2026-08-26T00:00:00,A,3162 制造六处自动组立套胶,6B0012,SF313-2608000304,4,UK561M200N300AP4APR,1225,1225,1225,1225,0
2026-08-28T00:00:00,A,3162 制造六处自动组立套胶,6B0007,SF313-2608000304,5,UK561M200N300AP4APR,1140,1140,1140,1140,0
2026-08-28T00:00:00,A,3162 制造六处自动组立套胶,6B0007,SF313-2608000304,6,UK561M200N300AP4APR,1162,1162,1162,1162,0
2026-08-26T00:00:00,B,3162 制造六处自动组立套胶,6B0012,SF313-2608000304,7,UK561M200N300AP4APR,1240,1240,1240,1240,0
2026-08-29T00:00:00,B,3162 制造六处自动组立套胶,6B0007,SF313-2608000304,8,UK561M200N300AP4APR,1159,1159,1159,1159,0
2026-08-26T00:00:00,B,3162 制造六处自动组立套胶,6B0012,SF313-2608000304,9,UK561M200N300AP4APR,1253,1253,1253,1253,0
2026-08-28T00:00:00,B,3162 制造六处自动组立套胶,6B0007,SF313-2608000304,10,UK561M200N300AP4APR,1197,1197,1197,1197,0
2026-08-27T00:00:00,A,3162 制造六处自动组立套胶,6B0012,SF313-2608000304,11,UK561M200N300AP4APR,1163,1163,1163,1163,0
2026-08-28T00:00:00,A,3162 制造六处自动组立套胶,6B0007,SF313-2608000304,12,UK561M200N300AP4APR,1187,1187,1187,1187,0
2026-08-27T00:00:00,B,3162 制造六处自动组立套胶,6B0007,SF313-2608000304,13,UK561M200N300AP4APR,1189,1189,1189,1189,0
2026-08-27T00:00:00,B,3162 制造六处自动组立套胶,6B0007,SF313-2608000304,14,UK561M200N300AP4APR,1234,1234,1234,1234,0
2026-08-28T00:00:00,B,3162 制造六处自动组立套胶,6B0007,SF313-2608000304,15,UK561M200N300AP4APR,1247,1247,1247,1247,0
2026-08-28T00:00:00,B,3162 制造六处自动组立套胶,6B0007,SF313-2608000304,16,UK561M200N300AP4APR,1242,1242,1242,1242,0
2026-08-28T00:00:00,A,3162 制造六处自动组立套胶,6B0007,SF313-2608000304,17,UK561M200N300AP4APR,1243,1243,1243,1243,0
2026-08-28T00:00:00,A,3162 制造六处自动组立套胶,6B0007,SF313-2608000304,18,UK561M200N300AP4APR,1236,1236,1236,1236,0
2026-08-28T00:00:00,A,3162 制造六处自动组立套胶,6B0007,SF313-2608000304,19,UK561M200N300AP4APR,1220,1220,1220,1220,0
2026-08-30T00:00:00,B,3162 制造六处自动组立套胶,6B0007,SF313-2608000304,20,UK561M200N300AP4APR,1251,1251,1251,1251,0
2026-08-31T00:00:00,A,3162 制造六处自动组立套胶,6B0007,SF313-2608000304,21,UK561M200N300AP4APR,1256,1256,1256,1256,0
2026-08-28T00:00:00,B,3162 制造六处自动组立套胶,6B0007,SF313-2608000304,22,UK561M200N300AP4APR,1246,1246,1246,1246,0
2026-08-30T00:00:00,A,3162 制造六处自动组立套胶,6B0007,SF313-2608000304,23,UK561M200N300AP4APR,1252,1252,1252,1252,0
2026-08-30T00:00:00,A,3162 制造六处自动组立套胶,6B0007,SF313-2608000304,24,UK561M200N300AP4APR,1248,1248,1248,1248,0
2026-08-30T00:00:00,B,3162 制造六处自动组立套胶,6B0007,SF313-2608000304,25,UK561M200N300AP4APR,1200,1200,1200,1200,0
2026-08-30T00:00:00,B,3162 制造六处自动组立套胶,6B0007,SF313-2608000304,26,UK561M200N300AP4APR,1186,1186,1186,1186,0
2026-08-31T00:00:00,A,3162 制造六处自动组立套胶,6B0007,SF313-2608000304,27,UK561M200N300AP4APR,1167,1167,1167,1167,0
2026-08-29T00:00:00,B,3162 制造六处自动组立套胶,6B0007,SF313-2608000304,28,UK561M200N300AP4APR,1155,1155,1155,1155,0
2026-09-02T00:00:00,A,3162 制造六处自动组立套胶,6B0009,SF313-2608000304,29,UK561M200N300AP4APR,955,955,955,955,0
2026-08-30T00:00:00,B,3162 制造六处自动组立套胶,6B0012,SF313-2608000304,30,UK561M200N300AP4APR,1199,1199,1199,1199,0
2026-08-31T00:00:00,A,3162 制造六处自动组立套胶,6B0012,SF313-2608000304,31,UK561M200N300AP4APR,1178,1178,1178,1178,0
2026-08-30T00:00:00,B,3162 制造六处自动组立套胶,6B0012,SF313-2608000304,32,UK561M200N300AP4APR,1195,1195,1195,1195,0
2026-08-30T00:00:00,B,3162 制造六处自动组立套胶,6B0012,SF313-2608000304,33,UK561M200N300AP4APR,1171,1171,1171,1171,0
2026-08-30T00:00:00,B,3162 制造六处自动组立套胶,6B0012,SF313-2608000304,34,UK561M200N300AP4APR,1189,1189,1189,1189,0
2026-08-31T00:00:00,A,3162 制造六处自动组立套胶,6B0007,SF313-2608000304,35,UK561M200N300AP4APR,1147,1147,1147,1147,0
2026-09-01T00:00:00,A,3162 制造六处自动组立套胶,6B0009,SF313-2608000304,36,UK561M200N300AP4APR,1178,1178,1178,1178,0
2026-08-27T00:00:00,A,3164 制造六处老化选别,6D0005,SF313-2608000304,1,UK561M200N300AP4APR,1241,1233,1241,1233,8
2026-08-27T00:00:00,A,3164 制造六处老化选别,6D0005,SF313-2608000304,2,UK561M200N300AP4APR,1244,1235,1244,1235,9
2026-08-26T00:00:00,B,3164 制造六处老化选别,6D0015,SF313-2608000304,3,UK561M200N300AP4APR,1248,1247,1248,1247,1
2026-08-27T00:00:00,B,3164 制造六处老化选别,6D0005,SF313-2608000304,4,UK561M200N300AP4APR,1225,1220,1225,1220,5
2026-08-29T00:00:00,B,3164 制造六处老化选别,6D0005,SF313-2608000304,5,UK561M200N300AP4APR,1140,1134,1140,1134,6
2026-08-29T00:00:00,B,3164 制造六处老化选别,6D0005,SF313-2608000304,6,UK561M200N300AP4APR,1162,1156,1162,1156,6
2026-08-27T00:00:00,A,3164 制造六处老化选别,6D0015,SF313-2608000304,7,UK561M200N300AP4APR,1240,1238,1240,1238,2
2026-09-01T00:00:00,A,3164 制造六处老化选别,6D0005,SF313-2608000304,8,UK561M200N300AP4APR,1159,1159,1159,1159,0
2026-08-26T00:00:00,B,3164 制造六处老化选别,6D0015,SF313-2608000304,9,UK561M200N300AP4APR,1253,1244,1253,1244,9
2026-08-29T00:00:00,A,3164 制造六处老化选别,6D0005,SF313-2608000304,10,UK561M200N300AP4APR,1197,1188,1197,1188,9
2026-08-28T00:00:00,B,3164 制造六处老化选别,6D0005,SF313-2608000304,11,UK561M200N300AP4APR,1163,1152,1163,1152,11
2026-08-29T00:00:00,A,3164 制造六处老化选别,6D0005,SF313-2608000304,12,UK561M200N300AP4APR,1187,1177,1187,1177,10
2026-08-28T00:00:00,B,3164 制造六处老化选别,6D0005,SF313-2608000304,13,UK561M200N300AP4APR,1189,1175,1189,1175,14
2026-08-28T00:00:00,B,3164 制造六处老化选别,6D0005,SF313-2608000304,14,UK561M200N300AP4APR,1234,1220,1234,1220,14
2026-08-28T00:00:00,B,3164 制造六处老化选别,6D0005,SF313-2608000304,15,UK561M200N300AP4APR,1247,1245,1247,1245,2
2026-08-29T00:00:00,B,3164 制造六处老化选别,6D0005,SF313-2608000304,16,UK561M200N300AP4APR,1242,1237,1242,1237,5
2026-08-29T00:00:00,B,3164 制造六处老化选别,6D0005,SF313-2608000304,17,UK561M200N300AP4APR,1243,1221,1243,1221,22
2026-08-29T00:00:00,B,3164 制造六处老化选别,6D0005,SF313-2608000304,18,UK561M200N300AP4APR,1236,1221,1236,1221,15
2026-08-29T00:00:00,A,3164 制造六处老化选别,6D0005,SF313-2608000304,19,UK561M200N300AP4APR,1220,1218,1220,1218,2
2026-09-02T00:00:00,B,3164 制造六处老化选别,6D0005,SF313-2608000304,21,UK561M200N300AP4APR,1256,1245,1256,1245,11
2026-08-29T00:00:00,B,3164 制造六处老化选别,6D0005,SF313-2608000304,22,UK561M200N300AP4APR,1246,1235,1246,1235,11
2026-09-01T00:00:00,A,3164 制造六处老化选别,6D0005,SF313-2608000304,23,UK561M200N300AP4APR,1252,1244,1252,1244,8
2026-09-02T00:00:00,B,3164 制造六处老化选别,6D0005,SF313-2608000304,24,UK561M200N300AP4APR,1248,1237,1248,1237,11
2026-08-31T00:00:00,B,3164 制造六处老化选别,6D0005,SF313-2608000304,25,UK561M200N300AP4APR,1200,1175,1200,1175,25
2026-08-31T00:00:00,B,3164 制造六处老化选别,6D0005,SF313-2608000304,26,UK561M200N300AP4APR,1186,1157,1186,1157,29
2026-09-01T00:00:00,A,3164 制造六处老化选别,6D0005,SF313-2608000304,27,UK561M200N300AP4APR,1167,1164,1167,1164,3
2026-08-31T00:00:00,A,3164 制造六处老化选别,6D0005,SF313-2608000304,28,UK561M200N300AP4APR,1155,1151,1155,1151,4
2026-08-31T00:00:00,A,3164 制造六处老化选别,6D0005,SF313-2608000304,30,UK561M200N300AP4APR,1199,1191,1199,1191,8
2026-09-01T00:00:00,A,3164 制造六处老化选别,6D0005,SF313-2608000304,31,UK561M200N300AP4APR,1178,1173,1178,1173,5
2026-08-31T00:00:00,B,3164 制造六处老化选别,6D0005,SF313-2608000304,32,UK561M200N300AP4APR,1195,1188,1195,1188,7
2026-08-31T00:00:00,B,3164 制造六处老化选别,6D0005,SF313-2608000304,33,UK561M200N300AP4APR,1171,1162,1171,1162,9
2026-08-31T00:00:00,B,3164 制造六处老化选别,6D0005,SF313-2608000304,34,UK561M200N300AP4APR,1189,1182,1189,1182,7
2026-09-02T00:00:00,A,3164 制造六处老化选别,6D0005,SF313-2608000304,35,UK561M200N300AP4APR,1147,1147,1147,1147,0
2026-09-02T00:00:00,A,3164 制造六处老化选别,6D0009,SF313-2608000304,36,UK561M200N300AP4APR,1178,1170,1178,1170,8
2026-08-30T00:00:00,B,3161 制造六处釘卷,6DD117,SF313-2608000382,1,UK561M200N300AP4APR,1200,1232,1232,1232,0
2026-08-30T00:00:00,B,3161 制造六处釘卷,6DD119,SF313-2608000382,2,UK561M200N300AP4APR,1200,1200,1200,1200,0
2026-08-30T00:00:00,B,3161 制造六处釘卷,6DD117,SF313-2608000382,3,UK561M200N300AP4APR,1200,1251,1251,1251,0
2026-08-31T00:00:00,B,3161 制造六处釘卷,6DD119,SF313-2608000382,4,UK561M200N300AP4APR,1200,1200,1200,1200,0
2026-08-30T00:00:00,B,3161 制造六处釘卷,6DD117,SF313-2608000382,5,UK561M200N300AP4APR,1200,1220,1220,1220,0
2026-08-31T00:00:00,B,3161 制造六处釘卷,6DD119,SF313-2608000382,6,UK561M200N300AP4APR,1200,1246,1246,1246,0
2026-08-30T00:00:00,B,3161 制造六处釘卷,6DD117,SF313-2608000382,7,UK561M200N300AP4APR,1200,1248,1248,1248,0
2026-08-31T00:00:00,B,3161 制造六处釘卷,6DD119,SF313-2608000382,8,UK561M200N300AP4APR,1200,1255,1255,1255,0
2026-08-30T00:00:00,B,3161 制造六处釘卷,6DD117,SF313-2608000382,9,UK561M200N300AP4APR,1200,1244,1244,1244,0
2026-08-31T00:00:00,B,3161 制造六处釘卷,6DD119,SF313-2608000382,10,UK561M200N300AP4APR,1200,1262,1262,1262,0
2026-08-31T00:00:00,B,3161 制造六处釘卷,6DD117,SF313-2608000382,11,UK561M200N300AP4APR,1200,1211,1211,1211,0
2026-08-31T00:00:00,B,3161 制造六处釘卷,6DD119,SF313-2608000382,12,UK561M200N300AP4APR,1200,1264,1264,1264,0
2026-08-31T00:00:00,B,3161 制造六处釘卷,6DD117,SF313-2608000382,13,UK561M200N300AP4APR,1200,1244,1244,1244,0
2026-08-31T00:00:00,B,3161 制造六处釘卷,6DD119,SF313-2608000382,14,UK561M200N300AP4APR,1200,1238,1238,1238,0
2026-08-31T00:00:00,B,3161 制造六处釘卷,6DD117,SF313-2608000382,15,UK561M200N300AP4APR,1200,1225,1225,1225,0
2026-08-31T00:00:00,B,3161 制造六处釘卷,6DD119,SF313-2608000382,16,UK561M200N300AP4APR,1200,1210,1210,1210,0
2026-08-31T00:00:00,B,3161 制造六处釘卷,6DD117,SF313-2608000382,17,UK561M200N300AP4APR,1200,1246,1246,1246,0
2026-09-01T00:00:00,B,3161 制造六处釘卷,6DD119,SF313-2608000382,18,UK561M200N300AP4APR,1200,1242,1242,1242,0
2026-08-31T00:00:00,B,3161 制造六处釘卷,6DD117,SF313-2608000382,19,UK561M200N300AP4APR,1200,1239,1239,1239,0
2026-09-01T00:00:00,B,3161 制造六处釘卷,6DD119,SF313-2608000382,20,UK561M200N300AP4APR,1200,1231,1231,1231,0
2026-08-31T00:00:00,B,3161 制造六处釘卷,6DD117,SF313-2608000382,21,UK561M200N300AP4APR,1200,1216,1216,1216,0
2026-09-01T00:00:00,B,3161 制造六处釘卷,6DD119,SF313-2608000382,22,UK561M200N300AP4APR,1200,1219,1219,1219,0
2026-09-01T00:00:00,B,3161 制造六处釘卷,6DD117,SF313-2608000382,23,UK561M200N300AP4APR,1200,1233,1233,1233,0
2026-09-01T00:00:00,B,3161 制造六处釘卷,6DD119,SF313-2608000382,24,UK561M200N300AP4APR,1200,1225,1225,1225,0
2026-09-01T00:00:00,B,3161 制造六处釘卷,6DD117,SF313-2608000382,25,UK561M200N300AP4APR,1200,1159,1159,1159,0
2026-09-01T00:00:00,B,3161 制造六处釘卷,6DD119,SF313-2608000382,26,UK561M200N300AP4APR,1200,1240,1240,1240,0
2026-09-01T00:00:00,B,3161 制造六处釘卷,6DD117,SF313-2608000382,27,UK561M200N300AP4APR,1200,1245,1245,1245,0
2026-09-01T00:00:00,B,3161 制造六处釘卷,6DD119,SF313-2608000382,28,UK561M200N300AP4APR,1200,1270,1270,1270,0
2026-09-01T00:00:00,B,3161 制造六处釘卷,6DD117,SF313-2608000382,29,UK561M200N300AP4APR,1200,1192,1192,1192,0
2026-09-01T00:00:00,B,3161 制造六处釘卷,6DD119,SF313-2608000382,30,UK561M200N300AP4APR,1200,1208,1208,1208,0
2026-09-01T00:00:00,B,3161 制造六处釘卷,6DD117,SF313-2608000382,31,UK561M200N300AP4APR,1200,1183,1183,1183,0
2026-09-01T00:00:00,B,3161 制造六处釘卷,6DD119,SF313-2608000382,32,UK561M200N300AP4APR,1200,1196,1196,1196,0
2026-09-01T00:00:00,B,3161 制造六处釘卷,6DD117,SF313-2608000382,33,UK561M200N300AP4APR,1200,1203,1203,1203,0
2026-09-01T00:00:00,B,3161 制造六处釘卷,6DD119,SF313-2608000382,34,UK561M200N300AP4APR,1200,1213,1213,1213,0
2026-09-01T00:00:00,A,3161 制造六处釘卷,6DD117,SF313-2608000382,35,UK561M200N300AP4APR,1200,1183,1183,1183,0
2026-09-01T00:00:00,A,3161 制造六处釘卷,6DD119,SF313-2608000382,36,UK561M200N300AP4APR,1200,1191,1191,1191,0
2026-09-01T00:00:00,A,3161 制造六处釘卷,6DD117,SF313-2608000382,37,UK561M200N300AP4APR,1200,1148,1148,1148,0
2026-09-02T00:00:00,A,3161 制造六处釘卷,6DD119,SF313-2608000382,38,UK561M200N300AP4APR,1200,1172,1172,1172,0
2026-09-02T00:00:00,A,3161 制造六处釘卷,6DD117,SF313-2608000382,39,UK561M200N300AP4APR,1200,1183,1183,1183,0
2026-09-02T00:00:00,A,3161 制造六处釘卷,6DD117,SF313-2608000382,41,UK561M200N300AP4APR,1200,1196,1196,1196,0
2026-09-02T00:00:00,A,3161 制造六处釘卷,6DD119,SF313-2608000382,42,UK561M200N300AP4APR,1200,1164,1164,1164,0
2026-08-31T00:00:00,A,3162 制造六处自动组立套胶,6B0007,SF313-2608000382,1,UK561M200N300AP4APR,1232,1232,1232,1232,0
2026-09-01T00:00:00,B,3162 制造六处自动组立套胶,6B0012,SF313-2608000382,2,UK561M200N300AP4APR,1200,1200,1200,1200,0
2026-08-31T00:00:00,A,3162 制造六处自动组立套胶,6B0012,SF313-2608000382,3,UK561M200N300AP4APR,1251,1251,1251,1251,0
2026-09-04T00:00:00,B,3162 制造六处自动组立套胶,6B0012,SF313-2608000382,4,UK561M200N300AP4APR,1200,1200,1200,1200,0
2026-08-31T00:00:00,A,3162 制造六处自动组立套胶,6B0012,SF313-2608000382,5,UK561M200N300AP4APR,1220,1220,1220,1220,0
2026-09-01T00:00:00,B,3162 制造六处自动组立套胶,6B0007,SF313-2608000382,6,UK561M200N300AP4APR,1246,1246,1246,1246,0
2026-08-31T00:00:00,B,3162 制造六处自动组立套胶,6B0007,SF313-2608000382,7,UK561M200N300AP4APR,1248,1248,1248,1248,0
2026-09-01T00:00:00,B,3162 制造六处自动组立套胶,6B0007,SF313-2608000382,8,UK561M200N300AP4APR,1255,1255,1255,1255,0
2026-08-31T00:00:00,A,3162 制造六处自动组立套胶,6B0007,SF313-2608000382,9,UK561M200N300AP4APR,1244,1244,1244,1244,0
2026-09-02T00:00:00,A,3162 制造六处自动组立套胶,6B0012,SF313-2608000382,10,UK561M200N300AP4APR,1262,1262,1262,1262,0
2026-09-03T00:00:00,A,3162 制造六处自动组立套胶,6B0012,SF313-2608000382,11,UK561M200N300AP4APR,1211,1211,1211,1211,0
2026-09-02T00:00:00,A,3162 制造六处自动组立套胶,6B0012,SF313-2608000382,12,UK561M200N300AP4APR,1264,1264,1264,1264,0
2026-09-01T00:00:00,B,3162 制造六处自动组立套胶,6B0007,SF313-2608000382,13,UK561M200N300AP4APR,1244,1244,1244,1244,0
2026-09-01T00:00:00,B,3162 制造六处自动组立套胶,6B0012,SF313-2608000382,14,UK561M200N300AP4APR,1238,1238,1238,1238,0
2026-09-02T00:00:00,A,3162 制造六处自动组立套胶,6B0012,SF313-2608000382,15,UK561M200N300AP4APR,1225,1225,1225,1225,0
2026-09-02T00:00:00,A,3162 制造六处自动组立套胶,6B0012,SF313-2608000382,16,UK561M200N300AP4APR,1210,1210,1210,1210,0
2026-09-01T00:00:00,A,3162 制造六处自动组立套胶,6B0007,SF313-2608000382,17,UK561M200N300AP4APR,1246,1246,1246,1246,0
2026-09-02T00:00:00,B,3162 制造六处自动组立套胶,6B0007,SF313-2608000382,18,UK561M200N300AP4APR,1242,1242,1242,1242,0
2026-09-01T00:00:00,B,3162 制造六处自动组立套胶,6B0007,SF313-2608000382,19,UK561M200N300AP4APR,1239,1239,1239,1239,0
2026-09-02T00:00:00,A,3162 制造六处自动组立套胶,6B0012,SF313-2608000382,20,UK561M200N300AP4APR,1231,1231,1231,1231,0
2026-09-02T00:00:00,B,3162 制造六处自动组立套胶,6B0007,SF313-2608000382,21,UK561M200N300AP4APR,1216,1216,1216,1216,0
2026-09-02T00:00:00,A,3162 制造六处自动组立套胶,6B0012,SF313-2608000382,22,UK561M200N300AP4APR,1219,1219,1219,1219,0
2026-09-02T00:00:00,A,3162 制造六处自动组立套胶,6B0012,SF313-2608000382,23,UK561M200N300AP4APR,1233,1233,1233,1233,0
2026-09-02T00:00:00,A,3162 制造六处自动组立套胶,6B0007,SF313-2608000382,24,UK561M200N300AP4APR,1225,1225,1225,1225,0
2026-09-02T00:00:00,A,3162 制造六处自动组立套胶,6B0007,SF313-2608000382,25,UK561M200N300AP4APR,1159,1159,1159,1159,0
2026-09-02T00:00:00,B,3162 制造六处自动组立套胶,6B0007,SF313-2608000382,26,UK561M200N300AP4APR,1240,1240,1240,1240,0
2026-09-02T00:00:00,A,3162 制造六处自动组立套胶,6B0007,SF313-2608000382,27,UK561M200N300AP4APR,1245,1245,1245,1245,0
2026-09-02T00:00:00,B,3162 制造六处自动组立套胶,6B0007,SF313-2608000382,28,UK561M200N300AP4APR,1270,1270,1270,1270,0
2026-09-02T00:00:00,B,3162 制造六处自动组立套胶,6B0012,SF313-2608000382,29,UK561M200N300AP4APR,1192,1192,1192,1192,0
2026-09-03T00:00:00,A,3162 制造六处自动组立套胶,6B0012,SF313-2608000382,30,UK561M200N300AP4APR,1208,1208,1208,1208,0
2026-09-02T00:00:00,A,3162 制造六处自动组立套胶,6B0007,SF313-2608000382,31,UK561M200N300AP4APR,1183,1183,1183,1183,0
2026-09-02T00:00:00,B,3162 制造六处自动组立套胶,6B0007,SF313-2608000382,32,UK561M200N300AP4APR,1196,1196,1196,1196,0
2026-09-02T00:00:00,B,3162 制造六处自动组立套胶,6B0007,SF313-2608000382,33,UK561M200N300AP4APR,1203,1203,1203,1203,0
2026-09-03T00:00:00,A,3162 制造六处自动组立套胶,6B0012,SF313-2608000382,34,UK561M200N300AP4APR,1213,1213,1213,1213,0
2026-09-04T00:00:00,B,3162 制造六处自动组立套胶,6B0012,SF313-2608000382,35,UK561M200N300AP4APR,1183,1183,1183,1183,0
2026-09-03T00:00:00,B,3162 制造六处自动组立套胶,6B0007,SF313-2608000382,36,UK561M200N300AP4APR,1191,1191,1191,1191,0
2026-09-03T00:00:00,A,3162 制造六处自动组立套胶,6B0007,SF313-2608000382,37,UK561M200N300AP4APR,1148,1148,1148,1148,0
2026-09-03T00:00:00,A,3162 制造六处自动组立套胶,6B0007,SF313-2608000382,38,UK561M200N300AP4APR,1172,1172,1172,1172,0
2026-09-04T00:00:00,B,3162 制造六处自动组立套胶,6B0012,SF313-2608000382,39,UK561M200N300AP4APR,1183,1183,1183,1183,0
2026-09-04T00:00:00,B,3162 制造六处自动组立套胶,6B0012,SF313-2608000382,41,UK561M200N300AP4APR,1196,1196,1196,1196,0
2026-09-03T00:00:00,A,3162 制造六处自动组立套胶,6B0007,SF313-2608000382,42,UK561M200N300AP4APR,1164,1164,1164,1164,0
2026-09-02T00:00:00,B,3164 制造六处老化选别,6D0005,SF313-2608000382,1,UK561M200N300AP4APR,1232,1217,1232,1217,15
2026-09-02T00:00:00,A,3164 制造六处老化选别,6D0009,SF313-2608000382,2,UK561M200N300AP4APR,1200,1191,1200,1191,9
2026-09-02T00:00:00,B,3164 制造六处老化选别,6D0005,SF313-2608000382,3,UK561M200N300AP4APR,1251,1243,1251,1243,8
2026-09-06T00:00:00,B,3164 制造六处老化选别,6D0009,SF313-2608000382,4,UK561M200N300AP4APR,1200,1196,1200,1196,4
2026-09-01T00:00:00,B,3164 制造六处老化选别,6D0005,SF313-2608000382,5,UK561M200N300AP4APR,1220,1192,1220,1192,28
2026-09-02T00:00:00,A,3164 制造六处老化选别,6D0009,SF313-2608000382,6,UK561M200N300AP4APR,1246,1241,1246,1241,5
2026-09-02T00:00:00,B,3164 制造六处老化选别,6D0005,SF313-2608000382,7,UK561M200N300AP4APR,1248,1240,1248,1240,8
2026-09-02T00:00:00,A,3164 制造六处老化选别,6D0009,SF313-2608000382,8,UK561M200N300AP4APR,1255,1250,1255,1250,5
2026-09-01T00:00:00,B,3164 制造六处老化选别,6D0005,SF313-2608000382,9,UK561M200N300AP4APR,1244,1240,1244,1240,4
2026-09-03T00:00:00,B,3164 制造六处老化选别,6D0005,SF313-2608000382,10,UK561M200N300AP4APR,1262,1257,1262,1257,5
2026-09-04T00:00:00,A,3164 制造六处老化选别,6D0005,SF313-2608000382,11,UK561M200N300AP4APR,1211,1203,1211,1203,8
2026-09-03T00:00:00,B,3164 制造六处老化选别,6D0005,SF313-2608000382,12,UK561M200N300AP4APR,1264,1260,1264,1260,4
2026-09-02T00:00:00,B,3164 制造六处老化选别,6D0005,SF313-2608000382,13,UK561M200N300AP4APR,1244,1231,1244,1231,13
2026-09-02T00:00:00,B,3164 制造六处老化选别,6D0009,SF313-2608000382,14,UK561M200N300AP4APR,1238,1228,1238,1228,10
2026-09-04T00:00:00,A,3164 制造六处老化选别,6D0005,SF313-2608000382,15,UK561M200N300AP4APR,1225,1206,1225,1206,19
2026-09-03T00:00:00,A,3164 制造六处老化选别,6D0005,SF313-2608000382,16,UK561M200N300AP4APR,1210,1197,1210,1197,13
2026-09-03T00:00:00,B,3164 制造六处老化选别,6D0005,SF313-2608000382,17,UK561M200N300AP4APR,1246,1236,1246,1236,10
2026-09-03T00:00:00,A,3164 制造六处老化选别,6D0009,SF313-2608000382,18,UK561M200N300AP4APR,1242,1238,1242,1238,4
2026-09-02T00:00:00,A,3164 制造六处老化选别,6D0009,SF313-2608000382,19,UK561M200N300AP4APR,1239,1232,1239,1232,7
2026-09-03T00:00:00,A,3164 制造六处老化选别,6D0005,SF313-2608000382,20,UK561M200N300AP4APR,1231,1231,1231,1231,0
2026-09-03T00:00:00,A,3164 制造六处老化选别,6D0009,SF313-2608000382,21,UK561M200N300AP4APR,1216,1204,1216,1204,12
2026-09-03T00:00:00,A,3164 制造六处老化选别,6D0005,SF313-2608000382,22,UK561M200N300AP4APR,1219,1210,1219,1210,9
2026-09-04T00:00:00,A,3164 制造六处老化选别,6D0005,SF313-2608000382,23,UK561M200N300AP4APR,1233,1226,1233,1226,7
2026-09-03T00:00:00,A,3164 制造六处老化选别,6D0005,SF313-2608000382,24,UK561M200N300AP4APR,1225,1225,1225,1225,0
2026-09-03T00:00:00,B,3164 制造六处老化选别,6D0009,SF313-2608000382,25,UK561M200N300AP4APR,1159,1149,1159,1149,10
2026-09-04T00:00:00,B,3164 制造六处老化选别,6D0005,SF313-2608000382,26,UK561M200N300AP4APR,1240,1236,1240,1236,4
2026-09-03T00:00:00,B,3164 制造六处老化选别,6D0005,SF313-2608000382,28,UK561M200N300AP4APR,1270,1260,1270,1260,10
2026-09-03T00:00:00,A,3164 制造六处老化选别,6D0005,SF313-2608000382,29,UK561M200N300AP4APR,1192,1183,1192,1183,9
2026-09-03T00:00:00,A,3164 制造六处老化选别,6D0009,SF313-2608000382,30,UK561M200N300AP4APR,1208,1198,1208,1198,10
2026-09-03T00:00:00,B,3164 制造六处老化选别,6D0009,SF313-2608000382,31,UK561M200N300AP4APR,1183,1180,1183,1180,3
2026-09-03T00:00:00,A,3164 制造六处老化选别,6D0005,SF313-2608000382,32,UK561M200N300AP4APR,1196,1186,1196,1186,10
2026-09-03T00:00:00,B,3164 制造六处老化选别,6D0005,SF313-2608000382,33,UK561M200N300AP4APR,1203,1185,1203,1185,18
2026-09-03T00:00:00,B,3164 制造六处老化选别,6D0009,SF313-2608000382,34,UK561M200N300AP4APR,1213,1203,1213,1203,10
2026-09-06T00:00:00,B,3164 制造六处老化选别,6D0009,SF313-2608000382,35,UK561M200N300AP4APR,1183,1179,1183,1179,4
2026-09-04T00:00:00,A,3164 制造六处老化选别,6D0009,SF313-2608000382,36,UK561M200N300AP4APR,1191,1180,1191,1180,11
2026-09-04T00:00:00,A,3164 制造六处老化选别,6D0009,SF313-2608000382,37,UK561M200N300AP4APR,1148,1143,1148,1143,5
2026-09-03T00:00:00,B,3164 制造六处老化选别,6D0009,SF313-2608000382,38,UK561M200N300AP4APR,1172,1163,1172,1163,9
2026-09-06T00:00:00,B,3164 制造六处老化选别,6D0009,SF313-2608000382,39,UK561M200N300AP4APR,1183,1166,1183,1166,17
2026-09-06T00:00:00,B,3164 制造六处老化选别,6D0009,SF313-2608000382,41,UK561M200N300AP4APR,1196,1191,1196,1191,5
2026-09-04T00:00:00,A,3164 制造六处老化选别,6D0009,SF313-2608000382,42,UK561M200N300AP4APR,1164,1152,1164,1152,12
2026-08-29T00:00:00,A,3161 制造六处釘卷,6DD116,SF313-2608000383,1,UK561M200N300AP4APR,1200,1198,1198,1198,0
2026-08-29T00:00:00,B,3161 制造六处釘卷,6DD121,SF313-2608000383,2,UK561M200N300AP4APR,1200,1197,1197,1197,0
2026-08-29T00:00:00,A,3161 制造六处釘卷,6DD116,SF313-2608000383,3,UK561M200N300AP4APR,1200,1204,1204,1204,0
2026-08-29T00:00:00,A,3161 制造六处釘卷,6DD121,SF313-2608000383,4,UK561M200N300AP4APR,1200,1161,1161,1161,0
2026-08-29T00:00:00,B,3161 制造六处釘卷,6DD116,SF313-2608000383,5,UK561M200N300AP4APR,1200,1148,1148,1148,0
2026-08-30T00:00:00,B,3161 制造六处釘卷,6DD121,SF313-2608000383,6,UK561M200N300AP4APR,1200,1168,1168,1168,0
2026-08-29T00:00:00,B,3161 制造六处釘卷,6DD116,SF313-2608000383,7,UK561M200N300AP4APR,1200,1167,1167,1167,0
2026-08-30T00:00:00,B,3161 制造六处釘卷,6DD121,SF313-2608000383,8,UK561M200N300AP4APR,1200,1195,1195,1195,0
2026-08-30T00:00:00,B,3161 制造六处釘卷,6DD116,SF313-2608000383,9,UK561M200N300AP4APR,1200,1155,1155,1155,0
2026-08-30T00:00:00,B,3161 制造六处釘卷,6DD121,SF313-2608000383,10,UK561M200N300AP4APR,1200,1191,1191,1191,0
2026-08-30T00:00:00,B,3161 制造六处釘卷,6DD116,SF313-2608000383,11,UK561M200N300AP4APR,1200,1192,1192,1192,0
2026-08-30T00:00:00,A,3161 制造六处釘卷,6DD121,SF313-2608000383,12,UK561M200N300AP4APR,1200,1170,1170,1170,0
2026-08-31T00:00:00,B,3161 制造六处釘卷,6DD116,SF313-2608000383,13,UK561M200N300AP4APR,1200,1187,1187,1187,0
2026-08-31T00:00:00,B,3161 制造六处釘卷,6DD121,SF313-2608000383,14,UK561M200N300AP4APR,1200,1182,1182,1182,0
2026-08-31T00:00:00,B,3161 制造六处釘卷,6DD116,SF313-2608000383,15,UK561M200N300AP4APR,1200,1189,1189,1189,0
2026-08-31T00:00:00,B,3161 制造六处釘卷,6DD121,SF313-2608000383,16,UK561M200N300AP4APR,1200,1184,1184,1184,0
2026-08-31T00:00:00,B,3161 制造六处釘卷,6DD116,SF313-2608000383,17,UK561M200N300AP4APR,1200,1184,1184,1184,0
2026-08-31T00:00:00,B,3161 制造六处釘卷,6DD121,SF313-2608000383,18,UK561M200N300AP4APR,1200,1197,1197,1197,0
2026-08-31T00:00:00,B,3161 制造六处釘卷,6DD116,SF313-2608000383,19,UK561M200N300AP4APR,1200,1179,1179,1179,0
2026-08-31T00:00:00,B,3161 制造六处釘卷,6DD121,SF313-2608000383,20,UK561M200N300AP4APR,1200,1171,1171,1171,0
2026-08-31T00:00:00,A,3161 制造六处釘卷,6DD116,SF313-2608000383,21,UK561M200N300AP4APR,1200,1183,1183,1183,0
2026-08-31T00:00:00,A,3161 制造六处釘卷,6DD121,SF313-2608000383,22,UK561M200N300AP4APR,1200,1181,1181,1181,0
2026-09-01T00:00:00,A,3161 制造六处釘卷,6DD116,SF313-2608000383,23,UK561M200N300AP4APR,1200,1175,1175,1175,0
2026-09-01T00:00:00,A,3161 制造六处釘卷,6DD121,SF313-2608000383,24,UK561M200N300AP4APR,1200,1200,1200,1200,0
2026-09-01T00:00:00,A,3161 制造六处釘卷,6DD116,SF313-2608000383,25,UK561M200N300AP4APR,1200,1201,1201,1201,0
2026-09-01T00:00:00,A,3161 制造六处釘卷,6DD121,SF313-2608000383,26,UK561M200N300AP4APR,1200,1196,1196,1196,0
2026-09-01T00:00:00,B,3161 制造六处釘卷,6DD116,SF313-2608000383,27,UK561M200N300AP4APR,1200,1204,1204,1204,0
2026-09-01T00:00:00,B,3161 制造六处釘卷,6DD121,SF313-2608000383,28,UK561M200N300AP4APR,1200,1200,1200,1200,0
2026-09-01T00:00:00,B,3161 制造六处釘卷,6DD116,SF313-2608000383,29,UK561M200N300AP4APR,1200,1203,1203,1203,0
2026-09-01T00:00:00,B,3161 制造六处釘卷,6DD121,SF313-2608000383,30,UK561M200N300AP4APR,1200,1203,1203,1203,0
2026-09-01T00:00:00,B,3161 制造六处釘卷,6DD116,SF313-2608000383,31,UK561M200N300AP4APR,1200,1206,1206,1206,0
2026-09-01T00:00:00,B,3161 制造六处釘卷,6DD121,SF313-2608000383,32,UK561M200N300AP4APR,1200,1202,1202,1202,0
2026-09-01T00:00:00,B,3161 制造六处釘卷,6DD116,SF313-2608000383,33,UK561M200N300AP4APR,1200,1209,1209,1209,0
2026-09-01T00:00:00,B,3161 制造六处釘卷,6DD121,SF313-2608000383,34,UK561M200N300AP4APR,1200,1185,1185,1185,0
2026-09-01T00:00:00,B,3161 制造六处釘卷,6DD116,SF313-2608000383,35,UK561M200N300AP4APR,1200,1199,1199,1199,0
2026-09-01T00:00:00,A,3161 制造六处釘卷,6DD121,SF313-2608000383,36,UK561M200N300AP4APR,1200,1187,1187,1187,0
2026-09-01T00:00:00,A,3161 制造六处釘卷,6DD116,SF313-2608000383,37,UK561M200N300AP4APR,1200,1207,1207,1207,0
2026-09-02T00:00:00,A,3161 制造六处釘卷,6DD121,SF313-2608000383,38,UK561M200N300AP4APR,1200,1440,1440,1440,0
2026-09-02T00:00:00,A,3161 制造六处釘卷,6DD116,SF313-2608000383,39,UK561M200N300AP4APR,1200,1440,1440,1440,0
2026-09-02T00:00:00,B,3161 制造六处釘卷,6DD116,SF313-2608000383,41,UK561M200N300AP4APR,1200,1172,1172,1172,0
2026-09-02T00:00:00,A,3161 制造六处釘卷,6DD121,SF313-2608000383,42,UK561M200N300AP4APR,1200,1177,1177,1177,0
2026-09-02T00:00:00,B,3161 制造六处釘卷,6DD116,SF313-2608000383,43,UK561M200N300AP4APR,1200,1181,1181,1181,0
2026-09-01T00:00:00,B,3162 制造六处自动组立套胶,6B0009,SF313-2608000383,1,UK561M200N300AP4APR,1198,1198,1198,1198,0
2026-09-01T00:00:00,A,3162 制造六处自动组立套胶,6B0009,SF313-2608000383,2,UK561M200N300AP4APR,1197,1197,1197,1197,0
2026-09-01T00:00:00,B,3162 制造六处自动组立套胶,6B0009,SF313-2608000383,3,UK561M200N300AP4APR,1204,1204,1204,1204,0
2026-09-01T00:00:00,B,3162 制造六处自动组立套胶,6B0009,SF313-2608000383,4,UK561M200N300AP4APR,1161,1161,1161,1161,0
2026-08-31T00:00:00,B,3162 制造六处自动组立套胶,6B0015,SF313-2608000383,5,UK561M200N300AP4APR,1148,1148,1148,1148,0
2026-08-31T00:00:00,A,3162 制造六处自动组立套胶,6B0015,SF313-2608000383,6,UK561M200N300AP4APR,1168,1168,1168,1168,0
2026-08-31T00:00:00,A,3162 制造六处自动组立套胶,6B0012,SF313-2608000383,7,UK561M200N300AP4APR,1167,1167,1167,1167,0
2026-08-31T00:00:00,A,3162 制造六处自动组立套胶,6B0015,SF313-2608000383,8,UK561M200N300AP4APR,1195,1195,1195,1195,0
2026-08-31T00:00:00,A,3162 制造六处自动组立套胶,6B0015,SF313-2608000383,9,UK561M200N300AP4APR,1155,1155,1155,1155,0
2026-08-31T00:00:00,A,3162 制造六处自动组立套胶,6B0015,SF313-2608000383,10,UK561M200N300AP4APR,1191,1191,1191,1191,0
2026-08-31T00:00:00,A,3162 制造六处自动组立套胶,6B0012,SF313-2608000383,11,UK561M200N300AP4APR,1192,1192,1192,1192,0
2026-09-02T00:00:00,B,3162 制造六处自动组立套胶,6B0012,SF313-2608000383,12,UK561M200N300AP4APR,1170,1170,1170,1170,0
2026-09-01T00:00:00,B,3162 制造六处自动组立套胶,6B0007,SF313-2608000383,13,UK561M200N300AP4APR,1187,1187,1187,1187,0
2026-09-01T00:00:00,A,3162 制造六处自动组立套胶,6B0007,SF313-2608000383,14,UK561M200N300AP4APR,1182,1182,1182,1182,0
2026-09-01T00:00:00,B,3162 制造六处自动组立套胶,6B0007,SF313-2608000383,15,UK561M200N300AP4APR,1189,1189,1189,1189,0
2026-09-02T00:00:00,A,3162 制造六处自动组立套胶,6B0012,SF313-2608000383,16,UK561M200N300AP4APR,1184,1184,1184,1184,0
2026-09-01T00:00:00,B,3162 制造六处自动组立套胶,6B0007,SF313-2608000383,17,UK561M200N300AP4APR,1184,1184,1184,1184,0
2026-09-02T00:00:00,A,3162 制造六处自动组立套胶,6B0007,SF313-2608000383,18,UK561M200N300AP4APR,1197,1197,1197,1197,0
2026-09-02T00:00:00,A,3162 制造六处自动组立套胶,6B0007,SF313-2608000383,19,UK561M200N300AP4APR,1179,1179,1179,1179,0
2026-09-01T00:00:00,A,3162 制造六处自动组立套胶,6B0007,SF313-2608000383,20,UK561M200N300AP4APR,1171,1171,1171,1171,0
2026-09-02T00:00:00,B,3162 制造六处自动组立套胶,6B0007,SF313-2608000383,21,UK561M200N300AP4APR,1183,1183,1183,1183,0
2026-09-02T00:00:00,A,3162 制造六处自动组立套胶,6B0007,SF313-2608000383,22,UK561M200N300AP4APR,1181,1181,1181,1181,0
2026-09-02T00:00:00,B,3162 制造六处自动组立套胶,6B0007,SF313-2608000383,23,UK561M200N300AP4APR,1175,1175,1175,1175,0
2026-09-01T00:00:00,A,3162 制造六处自动组立套胶,6B0012,SF313-2608000383,24,UK561M200N300AP4APR,1200,1200,1200,1200,0
2026-09-01T00:00:00,A,3162 制造六处自动组立套胶,6B0012,SF313-2608000383,25,UK561M200N300AP4APR,1201,1201,1201,1201,0
2026-09-01T00:00:00,A,3162 制造六处自动组立套胶,6B0012,SF313-2608000383,26,UK561M200N300AP4APR,1196,1196,1196,1196,0
2026-09-03T00:00:00,A,3162 制造六处自动组立套胶,6B0007,SF313-2608000383,27,UK561M200N300AP4APR,1204,1204,1204,1204,0
2026-09-02T00:00:00,B,3162 制造六处自动组立套胶,6B0012,SF313-2608000383,28,UK561M200N300AP4APR,1200,1200,1200,1200,0
2026-09-03T00:00:00,A,3162 制造六处自动组立套胶,6B0007,SF313-2608000383,29,UK561M200N300AP4APR,1203,1203,1203,1203,0
2026-09-02T00:00:00,B,3162 制造六处自动组立套胶,6B0012,SF313-2608000383,30,UK561M200N300AP4APR,1203,1203,1203,1203,0
2026-09-03T00:00:00,A,3162 制造六处自动组立套胶,6B0007,SF313-2608000383,31,UK561M200N300AP4APR,1206,1206,1206,1206,0
2026-09-02T00:00:00,B,3162 制造六处自动组立套胶,6B0012,SF313-2608000383,32,UK561M200N300AP4APR,1202,1202,1202,1202,0
2026-09-02T00:00:00,B,3162 制造六处自动组立套胶,6B0012,SF313-2608000383,33,UK561M200N300AP4APR,1209,1209,1209,1209,0
2026-09-03T00:00:00,A,3162 制造六处自动组立套胶,6B0012,SF313-2608000383,34,UK561M200N300AP4APR,1185,1185,1185,1185,0
2026-09-02T00:00:00,B,3162 制造六处自动组立套胶,6B0012,SF313-2608000383,35,UK561M200N300AP4APR,1199,1199,1199,1199,0
2026-09-03T00:00:00,B,3162 制造六处自动组立套胶,6B0007,SF313-2608000383,36,UK561M200N300AP4APR,1187,1187,1187,1187,0
2026-09-03T00:00:00,B,3162 制造六处自动组立套胶,6B0007,SF313-2608000383,37,UK561M200N300AP4APR,1207,1207,1207,1207,0
2026-09-03T00:00:00,B,3162 制造六处自动组立套胶,6B0007,SF313-2608000383,38,UK561M200N300AP4APR,1440,1440,1440,1440,0
2026-09-03T00:00:00,B,3162 制造六处自动组立套胶,6B0007,SF313-2608000383,39,UK561M200N300AP4APR,1440,1440,1440,1440,0
2026-09-03T00:00:00,A,3162 制造六处自动组立套胶,6B0012,SF313-2608000383,42,UK561M200N300AP4APR,1177,1177,1177,1177,0
2026-09-04T00:00:00,B,3162 制造六处自动组立套胶,6B0007,SF313-2608000383,43,UK561M200N300AP4APR,1181,1181,1181,1181,0
2026-09-02T00:00:00,A,3164 制造六处老化选别,6D0005,SF313-2608000383,1,UK561M200N300AP4APR,1198,1198,1198,1198,0
2026-09-02T00:00:00,A,3164 制造六处老化选别,6D0005,SF313-2608000383,2,UK561M200N300AP4APR,1197,1195,1197,1195,2
2026-09-02T00:00:00,B,3164 制造六处老化选别,6D0005,SF313-2608000383,3,UK561M200N300AP4APR,1204,1199,1204,1199,5
2026-09-02T00:00:00,B,3164 制造六处老化选别,6D0005,SF313-2608000383,4,UK561M200N300AP4APR,1161,1154,1161,1154,7
2026-09-01T00:00:00,B,3164 制造六处老化选别,6D0005,SF313-2608000383,5,UK561M200N300AP4APR,1148,1140,1148,1140,8
2026-09-01T00:00:00,B,3164 制造六处老化选别,6D0005,SF313-2608000383,6,UK561M200N300AP4APR,1168,1160,1168,1160,8
2026-09-02T00:00:00,A,3164 制造六处老化选别,6D0005,SF313-2608000383,7,UK561M200N300AP4APR,1167,1152,1167,1152,15
2026-09-01T00:00:00,B,3164 制造六处老化选别,6D0005,SF313-2608000383,8,UK561M200N300AP4APR,1195,1191,1195,1191,4
2026-09-01T00:00:00,B,3164 制造六处老化选别,6D0005,SF313-2608000383,9,UK561M200N300AP4APR,1155,1154,1155,1154,1
2026-09-01T00:00:00,B,3164 制造六处老化选别,6D0005,SF313-2608000383,10,UK561M200N300AP4APR,1191,1183,1191,1183,8
2026-09-02T00:00:00,B,3164 制造六处老化选别,6D0005,SF313-2608000383,11,UK561M200N300AP4APR,1192,1187,1192,1187,5
2026-09-03T00:00:00,B,3164 制造六处老化选别,6D0005,SF313-2608000383,12,UK561M200N300AP4APR,1170,1158,1170,1158,12
2026-09-02T00:00:00,B,3164 制造六处老化选别,6D0009,SF313-2608000383,13,UK561M200N300AP4APR,1187,1173,1187,1173,14
2026-09-02T00:00:00,A,3164 制造六处老化选别,6D0009,SF313-2608000383,14,UK561M200N300AP4APR,1182,1175,1182,1175,7
2026-09-02T00:00:00,B,3164 制造六处老化选别,6D0009,SF313-2608000383,15,UK561M200N300AP4APR,1189,1183,1189,1183,6
2026-09-02T00:00:00,A,3164 制造六处老化选别,6D0005,SF313-2608000383,16,UK561M200N300AP4APR,1184,1167,1184,1167,17
2026-09-02T00:00:00,B,3164 制造六处老化选别,6D0009,SF313-2608000383,17,UK561M200N300AP4APR,1184,1174,1184,1174,10
2026-09-03T00:00:00,A,3164 制造六处老化选别,6D0009,SF313-2608000383,18,UK561M200N300AP4APR,1197,1181,1197,1181,16
2026-09-03T00:00:00,A,3164 制造六处老化选别,6D0009,SF313-2608000383,19,UK561M200N300AP4APR,1179,1167,1179,1167,12
2026-09-03T00:00:00,A,3164 制造六处老化选别,6D0009,SF313-2608000383,20,UK561M200N300AP4APR,1171,1170,1171,1170,1
2026-09-03T00:00:00,B,3164 制造六处老化选别,6D0009,SF313-2608000383,21,UK561M200N300AP4APR,1183,1175,1183,1175,8
2026-09-03T00:00:00,A,3164 制造六处老化选别,6D0005,SF313-2608000383,22,UK561M200N300AP4APR,1181,1166,1181,1166,15
2026-09-03T00:00:00,B,3164 制造六处老化选别,6D0009,SF313-2608000383,23,UK561M200N300AP4APR,1175,1169,1175,1169,6
2026-09-02T00:00:00,B,3164 制造六处老化选别,6D0009,SF313-2608000383,24,UK561M200N300AP4APR,1200,1194,1200,1194,6
2026-09-02T00:00:00,B,3164 制造六处老化选别,6D0009,SF313-2608000383,25,UK561M200N300AP4APR,1201,1187,1201,1187,14
2026-09-03T00:00:00,A,3164 制造六处老化选别,6D0009,SF313-2608000383,26,UK561M200N300AP4APR,1196,1184,1196,1184,12
2026-09-03T00:00:00,B,3164 制造六处老化选别,6D0005,SF313-2608000383,27,UK561M200N300AP4APR,1204,1194,1204,1194,10
2026-09-03T00:00:00,B,3164 制造六处老化选别,6D0009,SF313-2608000383,28,UK561M200N300AP4APR,1200,1179,1200,1179,21
2026-09-04T00:00:00,A,3164 制造六处老化选别,6D0005,SF313-2608000383,29,UK561M200N300AP4APR,1203,1198,1203,1198,5
2026-09-03T00:00:00,B,3164 制造六处老化选别,6D0009,SF313-2608000383,30,UK561M200N300AP4APR,1203,1199,1203,1199,4
2026-09-03T00:00:00,B,3164 制造六处老化选别,6D0009,SF313-2608000383,31,UK561M200N300AP4APR,1206,1183,1206,1183,23
2026-09-03T00:00:00,B,3164 制造六处老化选别,6D0005,SF313-2608000383,32,UK561M200N300AP4APR,1202,1185,1202,1185,17
2026-09-03T00:00:00,A,3164 制造六处老化选别,6D0009,SF313-2608000383,33,UK561M200N300AP4APR,1209,1198,1209,1198,11
2026-09-03T00:00:00,A,3164 制造六处老化选别,6D0009,SF313-2608000383,34,UK561M200N300AP4APR,1185,1176,1185,1176,9
2026-09-03T00:00:00,A,3164 制造六处老化选别,6D0005,SF313-2608000383,35,UK561M200N300AP4APR,1199,1193,1199,1193,6
2026-09-04T00:00:00,B,3164 制造六处老化选别,6D0009,SF313-2608000383,36,UK561M200N300AP4APR,1187,1174,1187,1174,13
2026-09-04T00:00:00,A,3164 制造六处老化选别,6D0009,SF313-2608000383,37,UK561M200N300AP4APR,1207,1204,1207,1204,3
2026-09-04T00:00:00,A,3164 制造六处老化选别,6D0009,SF313-2608000383,38,UK561M200N300AP4APR,1440,1425,1440,1425,15
2026-09-04T00:00:00,A,3164 制造六处老化选别,6D0009,SF313-2608000383,39,UK561M200N300AP4APR,1440,1437,1440,1437,3
2026-09-03T00:00:00,B,3164 制造六处老化选别,6D0008,SF313-2608000383,42,UK561M200N300AP4APR,1184,1173,1184,1173,11
2026-09-06T00:00:00,B,3164 制造六处老化选别,6D0009,SF313-2608000383,43,UK561M200N300AP4APR,1180,1176,1180,1176,4
2026-08-29T00:00:00,B,3161 制造六处釘卷,6DD092,SF313-2608000384,1,UK561M200N300AP4APR,1200,1189,1189,1189,0
2026-08-29T00:00:00,B,3161 制造六处釘卷,6DD092,SF313-2608000384,2,UK561M200N300AP4APR,1200,1428,1428,1428,0
2026-08-29T00:00:00,B,3161 制造六处釘卷,6DD092,SF313-2608000384,3,UK561M200N300AP4APR,1200,1256,1256,1256,0
2026-08-29T00:00:00,A,3161 制造六处釘卷,6DD092,SF313-2608000384,4,UK561M200N300AP4APR,1200,1190,1190,1190,0
2026-08-29T00:00:00,A,3161 制造六处釘卷,6DD092,SF313-2608000384,5,UK561M200N300AP4APR,1200,1199,1199,1199,0
2026-08-29T00:00:00,A,3161 制造六处釘卷,6DD092,SF313-2608000384,6,UK561M200N300AP4APR,1200,1199,1199,1199,0
2026-08-29T00:00:00,A,3161 制造六处釘卷,6DD092,SF313-2608000384,7,UK561M200N300AP4APR,1200,1193,1193,1193,0
2026-08-29T00:00:00,B,3161 制造六处釘卷,6DD092,SF313-2608000384,8,UK561M200N300AP4APR,1200,1191,1191,1191,0
2026-08-29T00:00:00,B,3161 制造六处釘卷,6DD092,SF313-2608000384,9,UK561M200N300AP4APR,1200,1183,1183,1183,0
2026-08-30T00:00:00,B,3161 制造六处釘卷,6DD092,SF313-2608000384,10,UK561M200N300AP4APR,1200,1192,1192,1192,0
2026-08-30T00:00:00,B,3161 制造六处釘卷,6DD092,SF313-2608000384,11,UK561M200N300AP4APR,1200,1197,1197,1197,0
2026-08-30T00:00:00,B,3161 制造六处釘卷,6DD092,SF313-2608000384,12,UK561M200N300AP4APR,1200,1194,1194,1194,0
2026-08-30T00:00:00,A,3161 制造六处釘卷,6DD092,SF313-2608000384,13,UK561M200N300AP4APR,1200,1216,1216,1216,0
2026-08-31T00:00:00,A,3161 制造六处釘卷,6DD092,SF313-2608000384,14,UK561M200N300AP4APR,1200,1204,1204,1204,0
2026-08-31T00:00:00,A,3161 制造六处釘卷,6DD092,SF313-2608000384,15,UK561M200N300AP4APR,1200,1243,1243,1243,0
2026-08-31T00:00:00,A,3161 制造六处釘卷,6DD092,SF313-2608000384,16,UK561M200N300AP4APR,1200,1202,1202,1202,0
2026-08-31T00:00:00,A,3161 制造六处釘卷,6DD092,SF313-2608000384,17,UK561M200N300AP4APR,1200,1227,1227,1227,0
2026-08-31T00:00:00,A,3162 制造六处自动组立套胶,6B0012,SF313-2608000384,1,UK561M200N300AP4APR,1189,1189,1189,1189,0
2026-08-30T00:00:00,A,3162 制造六处自动组立套胶,6B0012,SF313-2608000384,2,UK561M200N300AP4APR,1428,1428,1428,1428,0
2026-08-30T00:00:00,A,3162 制造六处自动组立套胶,6B0012,SF313-2608000384,3,UK561M200N300AP4APR,1256,1256,1256,1256,0
2026-08-31T00:00:00,A,3162 制造六处自动组立套胶,6B0007,SF313-2608000384,4,UK561M200N300AP4APR,1190,1190,1190,1190,0
2026-09-01T00:00:00,B,3162 制造六处自动组立套胶,6B0012,SF313-2608000384,5,UK561M200N300AP4APR,1199,1199,1199,1199,0
2026-09-01T00:00:00,B,3162 制造六处自动组立套胶,6B0012,SF313-2608000384,6,UK561M200N300AP4APR,1199,1199,1199,1199,0
2026-08-31T00:00:00,B,3162 制造六处自动组立套胶,6B0015,SF313-2608000384,7,UK561M200N300AP4APR,1193,1193,1193,1193,0
2026-09-01T00:00:00,B,3162 制造六处自动组立套胶,6B0012,SF313-2608000384,8,UK561M200N300AP4APR,1191,1191,1191,1191,0
2026-09-01T00:00:00,B,3162 制造六处自动组立套胶,6B0012,SF313-2608000384,9,UK561M200N300AP4APR,1183,1183,1183,1183,0
2026-08-31T00:00:00,B,3162 制造六处自动组立套胶,6B0015,SF313-2608000384,10,UK561M200N300AP4APR,1192,1192,1192,1192,0
2026-08-31T00:00:00,B,3162 制造六处自动组立套胶,6B0015,SF313-2608000384,11,UK561M200N300AP4APR,1197,1197,1197,1197,0
2026-08-31T00:00:00,B,3162 制造六处自动组立套胶,6B0015,SF313-2608000384,12,UK561M200N300AP4APR,1194,1194,1194,1194,0
2026-09-01T00:00:00,A,3162 制造六处自动组立套胶,6B0012,SF313-2608000384,13,UK561M200N300AP4APR,1216,1216,1216,1216,0
2026-09-04T00:00:00,B,3162 制造六处自动组立套胶,6B0007,SF313-2608000384,14,UK561M200N300AP4APR,1204,1204,1204,1204,0
2026-09-01T00:00:00,B,3162 制造六处自动组立套胶,6B0007,SF313-2608000384,15,UK561M200N300AP4APR,1243,1243,1243,1243,0
2026-09-01T00:00:00,B,3162 制造六处自动组立套胶,6B0012,SF313-2608000384,16,UK561M200N300AP4APR,1202,1202,1202,1202,0
2026-09-01T00:00:00,B,3162 制造六处自动组立套胶,6B0012,SF313-2608000384,17,UK561M200N300AP4APR,1227,1227,1227,1227,0
2026-09-01T00:00:00,A,3164 制造六处老化选别,6D0005,SF313-2608000384,1,UK561M200N300AP4APR,1189,1181,1189,1181,8
2026-09-01T00:00:00,B,3164 制造六处老化选别,6D0005,SF313-2608000384,2,UK561M200N300AP4APR,1428,1393,1428,1393,35
2026-08-31T00:00:00,A,3164 制造六处老化选别,6D0005,SF313-2608000384,3,UK561M200N300AP4APR,1256,1251,1256,1251,5
2026-09-02T00:00:00,A,3164 制造六处老化选别,6D0005,SF313-2608000384,4,UK561M200N300AP4APR,1190,1183,1190,1183,7
2026-09-02T00:00:00,B,3164 制造六处老化选别,6D0009,SF313-2608000384,5,UK561M200N300AP4APR,1199,1187,1199,1187,12
2026-09-02T00:00:00,B,3164 制造六处老化选别,6D0009,SF313-2608000384,6,UK561M200N300AP4APR,1199,1185,1199,1185,14
2026-09-01T00:00:00,B,3164 制造六处老化选别,6D0005,SF313-2608000384,7,UK561M200N300AP4APR,1193,1187,1193,1187,6
2026-09-02T00:00:00,A,3164 制造六处老化选别,6D0009,SF313-2608000384,8,UK561M200N300AP4APR,1191,1171,1191,1171,20
2026-09-02T00:00:00,B,3164 制造六处老化选别,6D0009,SF313-2608000384,9,UK561M200N300AP4APR,1183,1181,1183,1181,2
2026-09-01T00:00:00,A,3164 制造六处老化选别,6D0005,SF313-2608000384,10,UK561M200N300AP4APR,1192,1166,1192,1166,26
2026-09-01T00:00:00,B,3164 制造六处老化选别,6D0005,SF313-2608000384,11,UK561M200N300AP4APR,1197,1171,1197,1171,26
2026-09-01T00:00:00,A,3164 制造六处老化选别,6D0005,SF313-2608000384,12,UK561M200N300AP4APR,1194,1185,1194,1185,9
2026-09-02T00:00:00,B,3164 制造六处老化选别,6D0009,SF313-2608000384,13,UK561M200N300AP4APR,1216,1208,1216,1208,8
2026-09-03T00:00:00,A,3164 制造六处老化选别,6D0005,SF313-2608000384,15,UK561M200N300AP4APR,1243,1228,1243,1228,15
2026-09-02T00:00:00,A,3164 制造六处老化选别,6D0009,SF313-2608000384,16,UK561M200N300AP4APR,1208,1193,1208,1193,9
2026-09-02T00:00:00,A,3164 制造六处老化选别,6D0005,SF313-2608000384,17,UK561M200N300AP4APR,1229,1220,1229,1220,7
