日期,班次,工序,电表名称,开始时间,结束时间,用电量（kWh）
2026-08-23,A,3164 制造六处老化选别,电表_E3（2#表）_66,2026-08-23T08:00:00,2026-08-23T09:00:00,17.808
2026-08-23,A,3164 制造六处老化选别,电表_E3（2#表）_66,2026-08-23T09:00:00,2026-08-23T10:00:00,19.275
2026-08-23,A,3164 制造六处老化选别,电表_E3（2#表）_66,2026-08-23T10:00:00,2026-08-23T11:00:00,20.951
2026-08-23,A,3164 制造六处老化选别,电表_E3（2#表）_66,2026-08-23T11:00:00,2026-08-23T12:00:00,21.999
2026-08-23,A,3164 制造六处老化选别,电表_E3（2#表）_66,2026-08-23T12:00:00,2026-08-23T13:00:00,23.046
2026-08-23,A,3164 制造六处老化选别,电表_E3（2#表）_66,2026-08-23T13:00:00,2026-08-23T14:00:00,21.789
2026-08-23,A,3164 制造六处老化选别,电表_E3（2#表）_66,2026-08-23T14:00:00,2026-08-23T15:00:00,20.532
2026-08-23,A,3164 制造六处老化选别,电表_E3（2#表）_66,2026-08-23T15:00:00,2026-08-23T16:00:00,20.951
2026-08-23,A,3164 制造六处老化选别,电表_E3（2#表）_66,2026-08-23T16:00:00,2026-08-23T17:00:00,22.627
2026-08-23,A,3164 制造六处老化选别,电表_E3（2#表）_66,2026-08-23T17:00:00,2026-08-23T18:00:00,21.998
2026-08-23,A,3164 制造六处老化选别,电表_E3（2#表）_66,2026-08-23T18:00:00,2026-08-23T19:00:00,20.322
2026-08-23,A,3164 制造六处老化选别,电表_E3（2#表）_66,2026-08-23T19:00:00,2026-08-23T20:00:00,20.113
2026-08-23,A,3164 制造六处老化选别,电表_E3（3#表）_67,2026-08-23T08:00:00,2026-08-23T09:00:00,8.541
2026-08-23,A,3164 制造六处老化选别,电表_E3（3#表）_67,2026-08-23T09:00:00,2026-08-23T10:00:00,9.244
2026-08-23,A,3164 制造六处老化选别,电表_E3（3#表）_67,2026-08-23T10:00:00,2026-08-23T11:00:00,10.048
2026-08-23,A,3164 制造六处老化选别,电表_E3（3#表）_67,2026-08-23T11:00:00,2026-08-23T12:00:00,10.55
2026-08-23,A,3164 制造六处老化选别,电表_E3（3#表）_67,2026-08-23T12:00:00,2026-08-23T13:00:00,11.052
2026-08-23,A,3164 制造六处老化选别,电表_E3（3#表）_67,2026-08-23T13:00:00,2026-08-23T14:00:00,10.45
2026-08-23,A,3164 制造六处老化选别,电表_E3（3#表）_67,2026-08-23T14:00:00,2026-08-23T15:00:00,9.847
2026-08-23,A,3164 制造六处老化选别,电表_E3（3#表）_67,2026-08-23T15:00:00,2026-08-23T16:00:00,10.048
2026-08-23,A,3164 制造六处老化选别,电表_E3（3#表）_67,2026-08-23T16:00:00,2026-08-23T17:00:00,10.851
2026-08-23,A,3164 制造六处老化选别,电表_E3（3#表）_67,2026-08-23T17:00:00,2026-08-23T18:00:00,10.55
2026-08-23,A,3164 制造六处老化选别,电表_E3（3#表）_67,2026-08-23T18:00:00,2026-08-23T19:00:00,9.746
2026-08-23,A,3164 制造六处老化选别,电表_E3（3#表）_67,2026-08-23T19:00:00,2026-08-23T20:00:00,9.646
2026-08-23,B,3164 制造六处老化选别,电表_E3（2#表）_66,2026-08-23T20:00:00,2026-08-23T21:00:00,25.013
2026-08-23,B,3164 制造六处老化选别,电表_E3（2#表）_66,2026-08-23T21:00:00,2026-08-23T22:00:00,27.073
2026-08-23,B,3164 制造六处老化选别,电表_E3（2#表）_66,2026-08-23T22:00:00,2026-08-23T23:00:00,29.427
2026-08-23,B,3164 制造六处老化选别,电表_E3（2#表）_66,2026-08-23T23:00:00,2026-08-24T00:00:00,30.899
2026-08-23,B,3164 制造六处老化选别,电表_E3（2#表）_66,2026-08-24T00:00:00,2026-08-24T01:00:00,32.37
2026-08-23,B,3164 制造六处老化选别,电表_E3（2#表）_66,2026-08-24T01:00:00,2026-08-24T02:00:00,30.604
2026-08-23,B,3164 制造六处老化选别,电表_E3（2#表）_66,2026-08-24T02:00:00,2026-08-24T03:00:00,28.839
2026-08-23,B,3164 制造六处老化选别,电表_E3（2#表）_66,2026-08-24T03:00:00,2026-08-24T04:00:00,29.427
2026-08-23,B,3164 制造六处老化选别,电表_E3（2#表）_66,2026-08-24T04:00:00,2026-08-24T05:00:00,31.781
2026-08-23,B,3164 制造六处老化选别,电表_E3（2#表）_66,2026-08-24T05:00:00,2026-08-24T06:00:00,30.899
2026-08-23,B,3164 制造六处老化选别,电表_E3（2#表）_66,2026-08-24T06:00:00,2026-08-24T07:00:00,28.544
2026-08-23,B,3164 制造六处老化选别,电表_E3（2#表）_66,2026-08-24T07:00:00,2026-08-24T08:00:00,28.25
2026-08-23,B,3164 制造六处老化选别,电表_E3（3#表）_67,2026-08-23T20:00:00,2026-08-23T21:00:00,11.996
2026-08-23,B,3164 制造六处老化选别,电表_E3（3#表）_67,2026-08-23T21:00:00,2026-08-23T22:00:00,12.984
2026-08-23,B,3164 制造六处老化选别,电表_E3（3#表）_67,2026-08-23T22:00:00,2026-08-23T23:00:00,14.113
2026-08-23,B,3164 制造六处老化选别,电表_E3（3#表）_67,2026-08-23T23:00:00,2026-08-24T00:00:00,14.819
2026-08-23,B,3164 制造六处老化选别,电表_E3（3#表）_67,2026-08-24T00:00:00,2026-08-24T01:00:00,15.524
2026-08-23,B,3164 制造六处老化选别,电表_E3（3#表）_67,2026-08-24T01:00:00,2026-08-24T02:00:00,14.677
2026-08-23,B,3164 制造六处老化选别,电表_E3（3#表）_67,2026-08-24T02:00:00,2026-08-24T03:00:00,13.831
2026-08-23,B,3164 制造六处老化选别,电表_E3（3#表）_67,2026-08-24T03:00:00,2026-08-24T04:00:00,14.113
2026-08-23,B,3164 制造六处老化选别,电表_E3（3#表）_67,2026-08-24T04:00:00,2026-08-24T05:00:00,15.242
2026-08-23,B,3164 制造六处老化选别,电表_E3（3#表）_67,2026-08-24T05:00:00,2026-08-24T06:00:00,14.818
2026-08-23,B,3164 制造六处老化选别,电表_E3（3#表）_67,2026-08-24T06:00:00,2026-08-24T07:00:00,13.689
2026-08-23,B,3164 制造六处老化选别,电表_E3（3#表）_67,2026-08-24T07:00:00,2026-08-24T08:00:00,13.548
2026-08-24,A,3164 制造六处老化选别,电表_E3（2#表）_66,2026-08-24T08:00:00,2026-08-24T09:00:00,33.816
2026-08-24,A,3164 制造六处老化选别,电表_E3（2#表）_66,2026-08-24T09:00:00,2026-08-24T10:00:00,36.601
2026-08-24,A,3164 制造六处老化选别,电表_E3（2#表）_66,2026-08-24T10:00:00,2026-08-24T11:00:00,39.784
2026-08-24,A,3164 制造六处老化选别,电表_E3（2#表）_66,2026-08-24T11:00:00,2026-08-24T12:00:00,41.773
2026-08-24,A,3164 制造六处老化选别,电表_E3（2#表）_66,2026-08-24T12:00:00,2026-08-24T13:00:00,43.762
2026-08-24,A,3164 制造六处老化选别,电表_E3（2#表）_66,2026-08-24T13:00:00,2026-08-24T14:00:00,41.375
2026-08-24,A,3164 制造六处老化选别,电表_E3（2#表）_66,2026-08-24T14:00:00,2026-08-24T15:00:00,38.988
2026-08-24,A,3164 制造六处老化选别,电表_E3（2#表）_66,2026-08-24T15:00:00,2026-08-24T16:00:00,39.784
2026-08-24,A,3164 制造六处老化选别,电表_E3（2#表）_66,2026-08-24T16:00:00,2026-08-24T17:00:00,42.967
2026-08-24,A,3164 制造六处老化选别,电表_E3（2#表）_66,2026-08-24T17:00:00,2026-08-24T18:00:00,41.773
2026-08-24,A,3164 制造六处老化选别,电表_E3（2#表）_66,2026-08-24T18:00:00,2026-08-24T19:00:00,38.59
2026-08-24,A,3164 制造六处老化选别,电表_E3（2#表）_66,2026-08-24T19:00:00,2026-08-24T20:00:00,38.193
2026-08-24,A,3164 制造六处老化选别,电表_E3（3#表）_67,2026-08-24T08:00:00,2026-08-24T09:00:00,16.218
2026-08-24,A,3164 制造六处老化选别,电表_E3（3#表）_67,2026-08-24T09:00:00,2026-08-24T10:00:00,17.553
2026-08-24,A,3164 制造六处老化选别,电表_E3（3#表）_67,2026-08-24T10:00:00,2026-08-24T11:00:00,19.08
2026-08-24,A,3164 制造六处老化选别,电表_E3（3#表）_67,2026-08-24T11:00:00,2026-08-24T12:00:00,20.034
2026-08-24,A,3164 制造六处老化选别,电表_E3（3#表）_67,2026-08-24T12:00:00,2026-08-24T13:00:00,20.988
2026-08-24,A,3164 制造六处老化选别,电表_E3（3#表）_67,2026-08-24T13:00:00,2026-08-24T14:00:00,19.843
2026-08-24,A,3164 制造六处老化选别,电表_E3（3#表）_67,2026-08-24T14:00:00,2026-08-24T15:00:00,18.698
2026-08-24,A,3164 制造六处老化选别,电表_E3（3#表）_67,2026-08-24T15:00:00,2026-08-24T16:00:00,19.08
2026-08-24,A,3164 制造六处老化选别,电表_E3（3#表）_67,2026-08-24T16:00:00,2026-08-24T17:00:00,20.606
2026-08-24,A,3164 制造六处老化选别,电表_E3（3#表）_67,2026-08-24T17:00:00,2026-08-24T18:00:00,20.034
2026-08-24,A,3164 制造六处老化选别,电表_E3（3#表）_67,2026-08-24T18:00:00,2026-08-24T19:00:00,18.507
2026-08-24,A,3164 制造六处老化选别,电表_E3（3#表）_67,2026-08-24T19:00:00,2026-08-24T20:00:00,18.316
2026-08-24,B,3164 制造六处老化选别,电表_E3（2#表）_66,2026-08-24T20:00:00,2026-08-24T21:00:00,43.494
2026-08-24,B,3164 制造六处老化选别,电表_E3（2#表）_66,2026-08-24T21:00:00,2026-08-24T22:00:00,47.075
2026-08-24,B,3164 制造六处老化选别,电表_E3（2#表）_66,2026-08-24T22:00:00,2026-08-24T23:00:00,51.169
2026-08-24,B,3164 制造六处老化选别,电表_E3（2#表）_66,2026-08-24T23:00:00,2026-08-25T00:00:00,53.727
2026-08-24,B,3164 制造六处老化选别,电表_E3（2#表）_66,2026-08-25T00:00:00,2026-08-25T01:00:00,56.286
2026-08-24,B,3164 制造六处老化选别,电表_E3（2#表）_66,2026-08-25T01:00:00,2026-08-25T02:00:00,53.216
2026-08-24,B,3164 制造六处老化选别,电表_E3（2#表）_66,2026-08-25T02:00:00,2026-08-25T03:00:00,50.146
2026-08-24,B,3164 制造六处老化选别,电表_E3（2#表）_66,2026-08-25T03:00:00,2026-08-25T04:00:00,51.169
2026-08-24,B,3164 制造六处老化选别,电表_E3（2#表）_66,2026-08-25T04:00:00,2026-08-25T05:00:00,55.262
2026-08-24,B,3164 制造六处老化选别,电表_E3（2#表）_66,2026-08-25T05:00:00,2026-08-25T06:00:00,53.727
2026-08-24,B,3164 制造六处老化选别,电表_E3（2#表）_66,2026-08-25T06:00:00,2026-08-25T07:00:00,49.634
2026-08-24,B,3164 制造六处老化选别,电表_E3（2#表）_66,2026-08-25T07:00:00,2026-08-25T08:00:00,49.122
2026-08-24,B,3164 制造六处老化选别,电表_E3（3#表）_67,2026-08-24T20:00:00,2026-08-24T21:00:00,20.859
2026-08-24,B,3164 制造六处老化选别,电表_E3（3#表）_67,2026-08-24T21:00:00,2026-08-24T22:00:00,22.577
2026-08-24,B,3164 制造六处老化选别,电表_E3（3#表）_67,2026-08-24T22:00:00,2026-08-24T23:00:00,24.54
2026-08-24,B,3164 制造六处老化选别,电表_E3（3#表）_67,2026-08-24T23:00:00,2026-08-25T00:00:00,25.767
2026-08-24,B,3164 制造六处老化选别,电表_E3（3#表）_67,2026-08-25T00:00:00,2026-08-25T01:00:00,26.994
2026-08-24,B,3164 制造六处老化选别,电表_E3（3#表）_67,2026-08-25T01:00:00,2026-08-25T02:00:00,25.521
2026-08-24,B,3164 制造六处老化选别,电表_E3（3#表）_67,2026-08-25T02:00:00,2026-08-25T03:00:00,24.049
2026-08-24,B,3164 制造六处老化选别,电表_E3（3#表）_67,2026-08-25T03:00:00,2026-08-25T04:00:00,24.54
2026-08-24,B,3164 制造六处老化选别,电表_E3（3#表）_67,2026-08-25T04:00:00,2026-08-25T05:00:00,26.503
2026-08-24,B,3164 制造六处老化选别,电表_E3（3#表）_67,2026-08-25T05:00:00,2026-08-25T06:00:00,25.767
2026-08-24,B,3164 制造六处老化选别,电表_E3（3#表）_67,2026-08-25T06:00:00,2026-08-25T07:00:00,23.803
2026-08-24,B,3164 制造六处老化选别,电表_E3（3#表）_67,2026-08-25T07:00:00,2026-08-25T08:00:00,23.558
2026-08-25,A,3164 制造六处老化选别,电表_E3（2#表）_66,2026-08-25T08:00:00,2026-08-25T09:00:00,51.61
2026-08-25,A,3164 制造六处老化选别,电表_E3（2#表）_66,2026-08-25T09:00:00,2026-08-25T10:00:00,55.86
2026-08-25,A,3164 制造六处老化选别,电表_E3（2#表）_66,2026-08-25T10:00:00,2026-08-25T11:00:00,60.717
2026-08-25,A,3164 制造六处老化选别,电表_E3（2#表）_66,2026-08-25T11:00:00,2026-08-25T12:00:00,63.753
2026-08-25,A,3164 制造六处老化选别,电表_E3（2#表）_66,2026-08-25T12:00:00,2026-08-25T13:00:00,66.789
2026-08-25,A,3164 制造六处老化选别,电表_E3（2#表）_66,2026-08-25T13:00:00,2026-08-25T14:00:00,63.146
2026-08-25,A,3164 制造六处老化选别,电表_E3（2#表）_66,2026-08-25T14:00:00,2026-08-25T15:00:00,59.503
2026-08-25,A,3164 制造六处老化选别,电表_E3（2#表）_66,2026-08-25T15:00:00,2026-08-25T16:00:00,60.717
2026-08-25,A,3164 制造六处老化选别,电表_E3（2#表）_66,2026-08-25T16:00:00,2026-08-25T17:00:00,65.575
2026-08-25,A,3164 制造六处老化选别,电表_E3（2#表）_66,2026-08-25T17:00:00,2026-08-25T18:00:00,63.753
2026-08-25,A,3164 制造六处老化选别,电表_E3（2#表）_66,2026-08-25T18:00:00,2026-08-25T19:00:00,58.896
2026-08-25,A,3164 制造六处老化选别,电表_E3（2#表）_66,2026-08-25T19:00:00,2026-08-25T20:00:00,58.289
2026-08-25,A,3164 制造六处老化选别,电表_E3（3#表）_67,2026-08-25T08:00:00,2026-08-25T09:00:00,24.751
2026-08-25,A,3164 制造六处老化选别,电表_E3（3#表）_67,2026-08-25T09:00:00,2026-08-25T10:00:00,26.79
2026-08-25,A,3164 制造六处老化选别,电表_E3（3#表）_67,2026-08-25T10:00:00,2026-08-25T11:00:00,29.119
2026-08-25,A,3164 制造六处老化选别,电表_E3（3#表）_67,2026-08-25T11:00:00,2026-08-25T12:00:00,30.575
2026-08-25,A,3164 制造六处老化选别,电表_E3（3#表）_67,2026-08-25T12:00:00,2026-08-25T13:00:00,32.031
2026-08-25,A,3164 制造六处老化选别,电表_E3（3#表）_67,2026-08-25T13:00:00,2026-08-25T14:00:00,30.284
2026-08-25,A,3164 制造六处老化选别,电表_E3（3#表）_67,2026-08-25T14:00:00,2026-08-25T15:00:00,28.537
2026-08-25,A,3164 制造六处老化选别,电表_E3（3#表）_67,2026-08-25T15:00:00,2026-08-25T16:00:00,29.119
2026-08-25,A,3164 制造六处老化选别,电表_E3（3#表）_67,2026-08-25T16:00:00,2026-08-25T17:00:00,31.449
2026-08-25,A,3164 制造六处老化选别,电表_E3（3#表）_67,2026-08-25T17:00:00,2026-08-25T18:00:00,30.575
2026-08-25,A,3164 制造六处老化选别,电表_E3（3#表）_67,2026-08-25T18:00:00,2026-08-25T19:00:00,28.246
2026-08-25,A,3164 制造六处老化选别,电表_E3（3#表）_67,2026-08-25T19:00:00,2026-08-25T20:00:00,27.954
2026-08-25,B,3164 制造六处老化选别,电表_E3（2#表）_66,2026-08-25T20:00:00,2026-08-25T21:00:00,44.18
2026-08-25,B,3164 制造六处老化选别,电表_E3（2#表）_66,2026-08-25T21:00:00,2026-08-25T22:00:00,47.819
2026-08-25,B,3164 制造六处老化选别,电表_E3（2#表）_66,2026-08-25T22:00:00,2026-08-25T23:00:00,51.977
2026-08-25,B,3164 制造六处老化选别,电表_E3（2#表）_66,2026-08-25T23:00:00,2026-08-26T00:00:00,54.576
2026-08-25,B,3164 制造六处老化选别,电表_E3（2#表）_66,2026-08-26T00:00:00,2026-08-26T01:00:00,57.175
2026-08-25,B,3164 制造六处老化选别,电表_E3（2#表）_66,2026-08-26T01:00:00,2026-08-26T02:00:00,54.056
2026-08-25,B,3164 制造六处老化选别,电表_E3（2#表）_66,2026-08-26T02:00:00,2026-08-26T03:00:00,50.937
2026-08-25,B,3164 制造六处老化选别,电表_E3（2#表）_66,2026-08-26T03:00:00,2026-08-26T04:00:00,51.977
2026-08-25,B,3164 制造六处老化选别,电表_E3（2#表）_66,2026-08-26T04:00:00,2026-08-26T05:00:00,56.135
2026-08-25,B,3164 制造六处老化选别,电表_E3（2#表）_66,2026-08-26T05:00:00,2026-08-26T06:00:00,54.576
2026-08-25,B,3164 制造六处老化选别,电表_E3（2#表）_66,2026-08-26T06:00:00,2026-08-26T07:00:00,50.418
2026-08-25,B,3164 制造六处老化选别,电表_E3（2#表）_66,2026-08-26T07:00:00,2026-08-26T08:00:00,49.898
2026-08-25,B,3164 制造六处老化选别,电表_E3（3#表）_67,2026-08-25T20:00:00,2026-08-25T21:00:00,21.188
2026-08-25,B,3164 制造六处老化选别,电表_E3（3#表）_67,2026-08-25T21:00:00,2026-08-25T22:00:00,22.933
2026-08-25,B,3164 制造六处老化选别,电表_E3（3#表）_67,2026-08-25T22:00:00,2026-08-25T23:00:00,24.927
2026-08-25,B,3164 制造六处老化选别,电表_E3（3#表）_67,2026-08-25T23:00:00,2026-08-26T00:00:00,26.174
2026-08-25,B,3164 制造六处老化选别,电表_E3（3#表）_67,2026-08-26T00:00:00,2026-08-26T01:00:00,27.42
2026-08-25,B,3164 制造六处老化选别,电表_E3（3#表）_67,2026-08-26T01:00:00,2026-08-26T02:00:00,25.925
2026-08-25,B,3164 制造六处老化选别,电表_E3（3#表）_67,2026-08-26T02:00:00,2026-08-26T03:00:00,24.429
2026-08-25,B,3164 制造六处老化选别,电表_E3（3#表）_67,2026-08-26T03:00:00,2026-08-26T04:00:00,24.927
2026-08-25,B,3164 制造六处老化选别,电表_E3（3#表）_67,2026-08-26T04:00:00,2026-08-26T05:00:00,26.922
2026-08-25,B,3164 制造六处老化选别,电表_E3（3#表）_67,2026-08-26T05:00:00,2026-08-26T06:00:00,26.174
2026-08-25,B,3164 制造六处老化选别,电表_E3（3#表）_67,2026-08-26T06:00:00,2026-08-26T07:00:00,24.18
2026-08-25,B,3164 制造六处老化选别,电表_E3（3#表）_67,2026-08-26T07:00:00,2026-08-26T08:00:00,23.93
2026-08-26,A,3164 制造六处老化选别,电表_E3（2#表）_66,2026-08-26T08:00:00,2026-08-26T09:00:00,38.924
2026-08-26,A,3164 制造六处老化选别,电表_E3（2#表）_66,2026-08-26T09:00:00,2026-08-26T10:00:00,42.13
2026-08-26,A,3164 制造六处老化选别,电表_E3（2#表）_66,2026-08-26T10:00:00,2026-08-26T11:00:00,45.793
2026-08-26,A,3164 制造六处老化选别,电表_E3（2#表）_66,2026-08-26T11:00:00,2026-08-26T12:00:00,48.083
2026-08-26,A,3164 制造六处老化选别,电表_E3（2#表）_66,2026-08-26T12:00:00,2026-08-26T13:00:00,50.372
2026-08-26,A,3164 制造六处老化选别,电表_E3（2#表）_66,2026-08-26T13:00:00,2026-08-26T14:00:00,47.625
2026-08-26,A,3164 制造六处老化选别,电表_E3（2#表）_66,2026-08-26T14:00:00,2026-08-26T15:00:00,44.877
2026-08-26,A,3164 制造六处老化选别,电表_E3（2#表）_66,2026-08-26T15:00:00,2026-08-26T16:00:00,45.793
2026-08-26,A,3164 制造六处老化选别,电表_E3（2#表）_66,2026-08-26T16:00:00,2026-08-26T17:00:00,49.456
2026-08-26,A,3164 制造六处老化选别,电表_E3（2#表）_66,2026-08-26T17:00:00,2026-08-26T18:00:00,48.083
2026-08-26,A,3164 制造六处老化选别,电表_E3（2#表）_66,2026-08-26T18:00:00,2026-08-26T19:00:00,44.419
2026-08-26,A,3164 制造六处老化选别,电表_E3（2#表）_66,2026-08-26T19:00:00,2026-08-26T20:00:00,43.961
2026-08-26,A,3164 制造六处老化选别,电表_E3（3#表）_67,2026-08-26T08:00:00,2026-08-26T09:00:00,18.667
2026-08-26,A,3164 制造六处老化选别,电表_E3（3#表）_67,2026-08-26T09:00:00,2026-08-26T10:00:00,20.205
2026-08-26,A,3164 制造六处老化选别,电表_E3（3#表）_67,2026-08-26T10:00:00,2026-08-26T11:00:00,21.962
2026-08-26,A,3164 制造六处老化选别,电表_E3（3#表）_67,2026-08-26T11:00:00,2026-08-26T12:00:00,23.06
2026-08-26,A,3164 制造六处老化选别,电表_E3（3#表）_67,2026-08-26T12:00:00,2026-08-26T13:00:00,24.158
2026-08-26,A,3164 制造六处老化选别,电表_E3（3#表）_67,2026-08-26T13:00:00,2026-08-26T14:00:00,22.84
2026-08-26,A,3164 制造六处老化选别,电表_E3（3#表）_67,2026-08-26T14:00:00,2026-08-26T15:00:00,21.522
2026-08-26,A,3164 制造六处老化选别,电表_E3（3#表）_67,2026-08-26T15:00:00,2026-08-26T16:00:00,21.961
2026-08-26,A,3164 制造六处老化选别,电表_E3（3#表）_67,2026-08-26T16:00:00,2026-08-26T17:00:00,23.718
2026-08-26,A,3164 制造六处老化选别,电表_E3（3#表）_67,2026-08-26T17:00:00,2026-08-26T18:00:00,23.06
2026-08-26,A,3164 制造六处老化选别,电表_E3（3#表）_67,2026-08-26T18:00:00,2026-08-26T19:00:00,21.303
2026-08-26,A,3164 制造六处老化选别,电表_E3（3#表）_67,2026-08-26T19:00:00,2026-08-26T20:00:00,21.083
2026-08-26,B,3164 制造六处老化选别,电表_E3（2#表）_66,2026-08-26T20:00:00,2026-08-26T21:00:00,61.058
2026-08-26,B,3164 制造六处老化选别,电表_E3（2#表）_66,2026-08-26T21:00:00,2026-08-26T22:00:00,64.45
2026-08-26,B,3164 制造六处老化选别,电表_E3（2#表）_66,2026-08-26T22:00:00,2026-08-26T23:00:00,67.842
2026-08-26,B,3164 制造六处老化选别,电表_E3（2#表）_66,2026-08-26T23:00:00,2026-08-27T00:00:00,111.939
2026-08-26,B,3164 制造六处老化选别,电表_E3（2#表）_66,2026-08-27T00:00:00,2026-08-27T01:00:00,118.723
2026-08-26,B,3164 制造六处老化选别,电表_E3（2#表）_66,2026-08-27T01:00:00,2026-08-27T02:00:00,94.979
2026-08-26,B,3164 制造六处老化选别,电表_E3（2#表）_66,2026-08-27T02:00:00,2026-08-27T03:00:00,67.842
2026-08-26,B,3164 制造六处老化选别,电表_E3（2#表）_66,2026-08-27T03:00:00,2026-08-27T04:00:00,66.485
2026-08-26,B,3164 制造六处老化选别,电表_E3（2#表）_66,2026-08-27T04:00:00,2026-08-27T05:00:00,61.058
2026-08-26,B,3164 制造六处老化选别,电表_E3（2#表）_66,2026-08-27T05:00:00,2026-08-27T06:00:00,59.022
2026-08-26,B,3164 制造六处老化选别,电表_E3（2#表）_66,2026-08-27T06:00:00,2026-08-27T07:00:00,55.63
2026-08-26,B,3164 制造六处老化选别,电表_E3（2#表）_66,2026-08-27T07:00:00,2026-08-27T08:00:00,54.273
2026-08-26,B,3164 制造六处老化选别,电表_E3（3#表）_67,2026-08-26T20:00:00,2026-08-26T21:00:00,29.283
2026-08-26,B,3164 制造六处老化选别,电表_E3（3#表）_67,2026-08-26T21:00:00,2026-08-26T22:00:00,30.909
2026-08-26,B,3164 制造六处老化选别,电表_E3（3#表）_67,2026-08-26T22:00:00,2026-08-26T23:00:00,32.536
2026-08-26,B,3164 制造六处老化选别,电表_E3（3#表）_67,2026-08-26T23:00:00,2026-08-27T00:00:00,53.684
2026-08-26,B,3164 制造六处老化选别,电表_E3（3#表）_67,2026-08-27T00:00:00,2026-08-27T01:00:00,56.938
2026-08-26,B,3164 制造六处老化选别,电表_E3（3#表）_67,2026-08-27T01:00:00,2026-08-27T02:00:00,45.55
2026-08-26,B,3164 制造六处老化选别,电表_E3（3#表）_67,2026-08-27T02:00:00,2026-08-27T03:00:00,32.536
2026-08-26,B,3164 制造六处老化选别,电表_E3（3#表）_67,2026-08-27T03:00:00,2026-08-27T04:00:00,31.885
2026-08-26,B,3164 制造六处老化选别,电表_E3（3#表）_67,2026-08-27T04:00:00,2026-08-27T05:00:00,29.282
2026-08-26,B,3164 制造六处老化选别,电表_E3（3#表）_67,2026-08-27T05:00:00,2026-08-27T06:00:00,28.306
2026-08-26,B,3164 制造六处老化选别,电表_E3（3#表）_67,2026-08-27T06:00:00,2026-08-27T07:00:00,26.68
2026-08-26,B,3164 制造六处老化选别,电表_E3（3#表）_67,2026-08-27T07:00:00,2026-08-27T08:00:00,26.029
2026-08-27,A,3164 制造六处老化选别,电表_E3（2#表）_66,2026-08-27T08:00:00,2026-08-27T09:00:00,46.014
2026-08-27,A,3164 制造六处老化选别,电表_E3（2#表）_66,2026-08-27T09:00:00,2026-08-27T10:00:00,49.803
2026-08-27,A,3164 制造六处老化选别,电表_E3（2#表）_66,2026-08-27T10:00:00,2026-08-27T11:00:00,54.134
2026-08-27,A,3164 制造六处老化选别,电表_E3（2#表）_66,2026-08-27T11:00:00,2026-08-27T12:00:00,56.84
2026-08-27,A,3164 制造六处老化选别,电表_E3（2#表）_66,2026-08-27T12:00:00,2026-08-27T13:00:00,59.547
2026-08-27,A,3164 制造六处老化选别,电表_E3（2#表）_66,2026-08-27T13:00:00,2026-08-27T14:00:00,56.299
2026-08-27,A,3164 制造六处老化选别,电表_E3（2#表）_66,2026-08-27T14:00:00,2026-08-27T15:00:00,53.051
2026-08-27,A,3164 制造六处老化选别,电表_E3（2#表）_66,2026-08-27T15:00:00,2026-08-27T16:00:00,54.134
2026-08-27,A,3164 制造六处老化选别,电表_E3（2#表）_66,2026-08-27T16:00:00,2026-08-27T17:00:00,58.465
2026-08-27,A,3164 制造六处老化选别,电表_E3（2#表）_66,2026-08-27T17:00:00,2026-08-27T18:00:00,56.84
2026-08-27,A,3164 制造六处老化选别,电表_E3（2#表）_66,2026-08-27T18:00:00,2026-08-27T19:00:00,52.51
2026-08-27,A,3164 制造六处老化选别,电表_E3（2#表）_66,2026-08-27T19:00:00,2026-08-27T20:00:00,51.968
2026-08-27,A,3164 制造六处老化选别,电表_E3（3#表）_67,2026-08-27T08:00:00,2026-08-27T09:00:00,22.067
2026-08-27,A,3164 制造六处老化选别,电表_E3（3#表）_67,2026-08-27T09:00:00,2026-08-27T10:00:00,23.885
2026-08-27,A,3164 制造六处老化选别,电表_E3（3#表）_67,2026-08-27T10:00:00,2026-08-27T11:00:00,25.962
2026-08-27,A,3164 制造六处老化选别,电表_E3（3#表）_67,2026-08-27T11:00:00,2026-08-27T12:00:00,27.26
2026-08-27,A,3164 制造六处老化选别,电表_E3（3#表）_67,2026-08-27T12:00:00,2026-08-27T13:00:00,28.558
2026-08-27,A,3164 制造六处老化选别,电表_E3（3#表）_67,2026-08-27T13:00:00,2026-08-27T14:00:00,27
2026-08-27,A,3164 制造六处老化选别,电表_E3（3#表）_67,2026-08-27T14:00:00,2026-08-27T15:00:00,25.442
2026-08-27,A,3164 制造六处老化选别,电表_E3（3#表）_67,2026-08-27T15:00:00,2026-08-27T16:00:00,25.962
2026-08-27,A,3164 制造六处老化选别,电表_E3（3#表）_67,2026-08-27T16:00:00,2026-08-27T17:00:00,28.039
2026-08-27,A,3164 制造六处老化选别,电表_E3（3#表）_67,2026-08-27T17:00:00,2026-08-27T18:00:00,27.26
2026-08-27,A,3164 制造六处老化选别,电表_E3（3#表）_67,2026-08-27T18:00:00,2026-08-27T19:00:00,25.183
2026-08-27,A,3164 制造六处老化选别,电表_E3（3#表）_67,2026-08-27T19:00:00,2026-08-27T20:00:00,24.923
2026-08-27,B,3164 制造六处老化选别,电表_E3（2#表）_66,2026-08-27T20:00:00,2026-08-27T21:00:00,46.491
2026-08-27,B,3164 制造六处老化选别,电表_E3（2#表）_66,2026-08-27T21:00:00,2026-08-27T22:00:00,50.32
2026-08-27,B,3164 制造六处老化选别,电表_E3（2#表）_66,2026-08-27T22:00:00,2026-08-27T23:00:00,54.696
2026-08-27,B,3164 制造六处老化选别,电表_E3（2#表）_66,2026-08-27T23:00:00,2026-08-28T00:00:00,57.431
2026-08-27,B,3164 制造六处老化选别,电表_E3（2#表）_66,2026-08-28T00:00:00,2026-08-28T01:00:00,60.165
2026-08-27,B,3164 制造六处老化选别,电表_E3（2#表）_66,2026-08-28T01:00:00,2026-08-28T02:00:00,56.884
2026-08-27,B,3164 制造六处老化选别,电表_E3（2#表）_66,2026-08-28T02:00:00,2026-08-28T03:00:00,53.602
2026-08-27,B,3164 制造六处老化选别,电表_E3（2#表）_66,2026-08-28T03:00:00,2026-08-28T04:00:00,54.696
2026-08-27,B,3164 制造六处老化选别,电表_E3（2#表）_66,2026-08-28T04:00:00,2026-08-28T05:00:00,59.071
2026-08-27,B,3164 制造六处老化选别,电表_E3（2#表）_66,2026-08-28T05:00:00,2026-08-28T06:00:00,57.431
2026-08-27,B,3164 制造六处老化选别,电表_E3（2#表）_66,2026-08-28T06:00:00,2026-08-28T07:00:00,53.055
2026-08-27,B,3164 制造六处老化选别,电表_E3（2#表）_66,2026-08-28T07:00:00,2026-08-28T08:00:00,52.508
2026-08-27,B,3164 制造六处老化选别,电表_E3（3#表）_67,2026-08-27T20:00:00,2026-08-27T21:00:00,22.297
2026-08-27,B,3164 制造六处老化选别,电表_E3（3#表）_67,2026-08-27T21:00:00,2026-08-27T22:00:00,24.133
2026-08-27,B,3164 制造六处老化选别,电表_E3（3#表）_67,2026-08-27T22:00:00,2026-08-27T23:00:00,26.231
2026-08-27,B,3164 制造六处老化选别,电表_E3（3#表）_67,2026-08-27T23:00:00,2026-08-28T00:00:00,27.543
2026-08-27,B,3164 制造六处老化选别,电表_E3（3#表）_67,2026-08-28T00:00:00,2026-08-28T01:00:00,28.854
2026-08-27,B,3164 制造六处老化选别,电表_E3（3#表）_67,2026-08-28T01:00:00,2026-08-28T02:00:00,27.28
2026-08-27,B,3164 制造六处老化选别,电表_E3（3#表）_67,2026-08-28T02:00:00,2026-08-28T03:00:00,25.707
2026-08-27,B,3164 制造六处老化选别,电表_E3（3#表）_67,2026-08-28T03:00:00,2026-08-28T04:00:00,26.231
2026-08-27,B,3164 制造六处老化选别,电表_E3（3#表）_67,2026-08-28T04:00:00,2026-08-28T05:00:00,28.33
2026-08-27,B,3164 制造六处老化选别,电表_E3（3#表）_67,2026-08-28T05:00:00,2026-08-28T06:00:00,27.543
2026-08-27,B,3164 制造六处老化选别,电表_E3（3#表）_67,2026-08-28T06:00:00,2026-08-28T07:00:00,25.444
2026-08-27,B,3164 制造六处老化选别,电表_E3（3#表）_67,2026-08-28T07:00:00,2026-08-28T08:00:00,25.182
2026-08-28,A,3164 制造六处老化选别,电表_E3（2#表）_66,2026-08-28T08:00:00,2026-08-28T09:00:00,21.788
2026-08-28,A,3164 制造六处老化选别,电表_E3（2#表）_66,2026-08-28T09:00:00,2026-08-28T10:00:00,22.272
2026-08-28,A,3164 制造六处老化选别,电表_E3（2#表）_66,2026-08-28T10:00:00,2026-08-28T11:00:00,24.209
2026-08-28,A,3164 制造六处老化选别,电表_E3（2#表）_66,2026-08-28T11:00:00,2026-08-28T12:00:00,25.419
2026-08-28,A,3164 制造六处老化选别,电表_E3（2#表）_66,2026-08-28T12:00:00,2026-08-28T13:00:00,41.155
2026-08-28,A,3164 制造六处老化选别,电表_E3（2#表）_66,2026-08-28T13:00:00,2026-08-28T14:00:00,43.576
2026-08-28,A,3164 制造六处老化选别,电表_E3（2#表）_66,2026-08-28T14:00:00,2026-08-28T15:00:00,31.471
2026-08-28,A,3164 制造六处老化选别,电表_E3（2#表）_66,2026-08-28T15:00:00,2026-08-28T16:00:00,22.998
2026-08-28,A,3164 制造六处老化选别,电表_E3（2#表）_66,2026-08-28T16:00:00,2026-08-28T17:00:00,21.788
2026-08-28,A,3164 制造六处老化选别,电表_E3（2#表）_66,2026-08-28T17:00:00,2026-08-28T18:00:00,21.304
2026-08-28,A,3164 制造六处老化选别,电表_E3（2#表）_66,2026-08-28T18:00:00,2026-08-28T19:00:00,20.578
2026-08-28,A,3164 制造六处老化选别,电表_E3（2#表）_66,2026-08-28T19:00:00,2026-08-28T20:00:00,19.367
2026-08-28,A,3164 制造六处老化选别,电表_E3（3#表）_67,2026-08-28T08:00:00,2026-08-28T09:00:00,10.449
2026-08-28,A,3164 制造六处老化选别,电表_E3（3#表）_67,2026-08-28T09:00:00,2026-08-28T10:00:00,10.682
2026-08-28,A,3164 制造六处老化选别,电表_E3（3#表）_67,2026-08-28T10:00:00,2026-08-28T11:00:00,11.61
2026-08-28,A,3164 制造六处老化选别,电表_E3（3#表）_67,2026-08-28T11:00:00,2026-08-28T12:00:00,12.191
2026-08-28,A,3164 制造六处老化选别,电表_E3（3#表）_67,2026-08-28T12:00:00,2026-08-28T13:00:00,19.737
2026-08-28,A,3164 制造六处老化选别,电表_E3（3#表）_67,2026-08-28T13:00:00,2026-08-28T14:00:00,20.898
2026-08-28,A,3164 制造六处老化选别,电表_E3（3#表）_67,2026-08-28T14:00:00,2026-08-28T15:00:00,15.093
2026-08-28,A,3164 制造六处老化选别,电表_E3（3#表）_67,2026-08-28T15:00:00,2026-08-28T16:00:00,11.03
2026-08-28,A,3164 制造六处老化选别,电表_E3（3#表）_67,2026-08-28T16:00:00,2026-08-28T17:00:00,10.449
2026-08-28,A,3164 制造六处老化选别,电表_E3（3#表）_67,2026-08-28T17:00:00,2026-08-28T18:00:00,10.217
2026-08-28,A,3164 制造六处老化选别,电表_E3（3#表）_67,2026-08-28T18:00:00,2026-08-28T19:00:00,9.869
2026-08-28,A,3164 制造六处老化选别,电表_E3（3#表）_67,2026-08-28T19:00:00,2026-08-28T20:00:00,9.288
2026-08-28,B,3164 制造六处老化选别,电表_E3（2#表）_66,2026-08-28T20:00:00,2026-08-28T21:00:00,33.285
2026-08-28,B,3164 制造六处老化选别,电表_E3（2#表）_66,2026-08-28T21:00:00,2026-08-28T22:00:00,36.026
2026-08-28,B,3164 制造六处老化选别,电表_E3（2#表）_66,2026-08-28T22:00:00,2026-08-28T23:00:00,39.159
2026-08-28,B,3164 制造六处老化选别,电表_E3（2#表）_66,2026-08-28T23:00:00,2026-08-29T00:00:00,41.117
2026-08-28,B,3164 制造六处老化选别,电表_E3（2#表）_66,2026-08-29T00:00:00,2026-08-29T01:00:00,43.074
2026-08-28,B,3164 制造六处老化选别,电表_E3（2#表）_66,2026-08-29T01:00:00,2026-08-29T02:00:00,40.725
2026-08-28,B,3164 制造六处老化选别,电表_E3（2#表）_66,2026-08-29T02:00:00,2026-08-29T03:00:00,38.375
2026-08-28,B,3164 制造六处老化选别,电表_E3（2#表）_66,2026-08-29T03:00:00,2026-08-29T04:00:00,39.159
2026-08-28,B,3164 制造六处老化选别,电表_E3（2#表）_66,2026-08-29T04:00:00,2026-08-29T05:00:00,42.291
2026-08-28,B,3164 制造六处老化选别,电表_E3（2#表）_66,2026-08-29T05:00:00,2026-08-29T06:00:00,41.116
2026-08-28,B,3164 制造六处老化选别,电表_E3（2#表）_66,2026-08-29T06:00:00,2026-08-29T07:00:00,37.984
2026-08-28,B,3164 制造六处老化选别,电表_E3（2#表）_66,2026-08-29T07:00:00,2026-08-29T08:00:00,37.592
2026-08-28,B,3164 制造六处老化选别,电表_E3（3#表）_67,2026-08-28T20:00:00,2026-08-28T21:00:00,15.963
2026-08-28,B,3164 制造六处老化选别,电表_E3（3#表）_67,2026-08-28T21:00:00,2026-08-28T22:00:00,17.277
2026-08-28,B,3164 制造六处老化选别,电表_E3（3#表）_67,2026-08-28T22:00:00,2026-08-28T23:00:00,18.78
2026-08-28,B,3164 制造六处老化选别,电表_E3（3#表）_67,2026-08-28T23:00:00,2026-08-29T00:00:00,19.719
2026-08-28,B,3164 制造六处老化选别,电表_E3（3#表）_67,2026-08-29T00:00:00,2026-08-29T01:00:00,20.658
2026-08-28,B,3164 制造六处老化选别,电表_E3（3#表）_67,2026-08-29T01:00:00,2026-08-29T02:00:00,19.531
2026-08-28,B,3164 制造六处老化选别,电表_E3（3#表）_67,2026-08-29T02:00:00,2026-08-29T03:00:00,18.404
2026-08-28,B,3164 制造六处老化选别,电表_E3（3#表）_67,2026-08-29T03:00:00,2026-08-29T04:00:00,18.78
2026-08-28,B,3164 制造六处老化选别,电表_E3（3#表）_67,2026-08-29T04:00:00,2026-08-29T05:00:00,20.282
2026-08-28,B,3164 制造六处老化选别,电表_E3（3#表）_67,2026-08-29T05:00:00,2026-08-29T06:00:00,19.719
2026-08-28,B,3164 制造六处老化选别,电表_E3（3#表）_67,2026-08-29T06:00:00,2026-08-29T07:00:00,18.216
2026-08-28,B,3164 制造六处老化选别,电表_E3（3#表）_67,2026-08-29T07:00:00,2026-08-29T08:00:00,18.029
2026-08-29,A,3164 制造六处老化选别,电表_E3（2#表）_66,2026-08-29T08:00:00,2026-08-29T09:00:00,10.235
2026-08-29,A,3164 制造六处老化选别,电表_E3（2#表）_66,2026-08-29T09:00:00,2026-08-29T10:00:00,11.078
2026-08-29,A,3164 制造六处老化选别,电表_E3（2#表）_66,2026-08-29T10:00:00,2026-08-29T11:00:00,12.041
2026-08-29,A,3164 制造六处老化选别,电表_E3（2#表）_66,2026-08-29T11:00:00,2026-08-29T12:00:00,12.644
2026-08-29,A,3164 制造六处老化选别,电表_E3（2#表）_66,2026-08-29T12:00:00,2026-08-29T13:00:00,13.246
2026-08-29,A,3164 制造六处老化选别,电表_E3（2#表）_66,2026-08-29T13:00:00,2026-08-29T14:00:00,12.523
2026-08-29,A,3164 制造六处老化选别,电表_E3（2#表）_66,2026-08-29T14:00:00,2026-08-29T15:00:00,11.801
2026-08-29,A,3164 制造六处老化选别,电表_E3（2#表）_66,2026-08-29T15:00:00,2026-08-29T16:00:00,12.041
2026-08-29,A,3164 制造六处老化选别,电表_E3（2#表）_66,2026-08-29T16:00:00,2026-08-29T17:00:00,13.005
2026-08-29,A,3164 制造六处老化选别,电表_E3（2#表）_66,2026-08-29T17:00:00,2026-08-29T18:00:00,12.643
2026-08-29,A,3164 制造六处老化选别,电表_E3（2#表）_66,2026-08-29T18:00:00,2026-08-29T19:00:00,11.68
2026-08-29,A,3164 制造六处老化选别,电表_E3（2#表）_66,2026-08-29T19:00:00,2026-08-29T20:00:00,11.56
2026-08-29,A,3164 制造六处老化选别,电表_E3（3#表）_67,2026-08-29T08:00:00,2026-08-29T09:00:00,4.909
2026-08-29,A,3164 制造六处老化选别,电表_E3（3#表）_67,2026-08-29T09:00:00,2026-08-29T10:00:00,5.313
2026-08-29,A,3164 制造六处老化选别,电表_E3（3#表）_67,2026-08-29T10:00:00,2026-08-29T11:00:00,5.775
2026-08-29,A,3164 制造六处老化选别,电表_E3（3#表）_67,2026-08-29T11:00:00,2026-08-29T12:00:00,6.063
2026-08-29,A,3164 制造六处老化选别,电表_E3（3#表）_67,2026-08-29T12:00:00,2026-08-29T13:00:00,6.352
2026-08-29,A,3164 制造六处老化选别,电表_E3（3#表）_67,2026-08-29T13:00:00,2026-08-29T14:00:00,6.006
2026-08-29,A,3164 制造六处老化选别,电表_E3（3#表）_67,2026-08-29T14:00:00,2026-08-29T15:00:00,5.659
2026-08-29,A,3164 制造六处老化选别,电表_E3（3#表）_67,2026-08-29T15:00:00,2026-08-29T16:00:00,5.775
2026-08-29,A,3164 制造六处老化选别,电表_E3（3#表）_67,2026-08-29T16:00:00,2026-08-29T17:00:00,6.237
2026-08-29,A,3164 制造六处老化选别,电表_E3（3#表）_67,2026-08-29T17:00:00,2026-08-29T18:00:00,6.063
2026-08-29,A,3164 制造六处老化选别,电表_E3（3#表）_67,2026-08-29T18:00:00,2026-08-29T19:00:00,5.602
2026-08-29,A,3164 制造六处老化选别,电表_E3（3#表）_67,2026-08-29T19:00:00,2026-08-29T20:00:00,5.544
2026-08-29,B,3164 制造六处老化选别,电表_E3（2#表）_66,2026-08-29T20:00:00,2026-08-29T21:00:00,18.266
2026-08-29,B,3164 制造六处老化选别,电表_E3（2#表）_66,2026-08-29T21:00:00,2026-08-29T22:00:00,19.771
2026-08-29,B,3164 制造六处老化选别,电表_E3（2#表）_66,2026-08-29T22:00:00,2026-08-29T23:00:00,21.49
2026-08-29,B,3164 制造六处老化选别,电表_E3（2#表）_66,2026-08-29T23:00:00,2026-08-30T00:00:00,22.564
2026-08-29,B,3164 制造六处老化选别,电表_E3（2#表）_66,2026-08-30T00:00:00,2026-08-30T01:00:00,23.639
2026-08-29,B,3164 制造六处老化选别,电表_E3（2#表）_66,2026-08-30T01:00:00,2026-08-30T02:00:00,22.35
2026-08-29,B,3164 制造六处老化选别,电表_E3（2#表）_66,2026-08-30T02:00:00,2026-08-30T03:00:00,21.06
2026-08-29,B,3164 制造六处老化选别,电表_E3（2#表）_66,2026-08-30T03:00:00,2026-08-30T04:00:00,21.49
2026-08-29,B,3164 制造六处老化选别,电表_E3（2#表）_66,2026-08-30T04:00:00,2026-08-30T05:00:00,23.209
2026-08-29,B,3164 制造六处老化选别,电表_E3（2#表）_66,2026-08-30T05:00:00,2026-08-30T06:00:00,22.564
2026-08-29,B,3164 制造六处老化选别,电表_E3（2#表）_66,2026-08-30T06:00:00,2026-08-30T07:00:00,20.845
2026-08-29,B,3164 制造六处老化选别,电表_E3（2#表）_66,2026-08-30T07:00:00,2026-08-30T08:00:00,20.63
2026-08-29,B,3164 制造六处老化选别,电表_E3（3#表）_67,2026-08-29T20:00:00,2026-08-29T21:00:00,8.76
2026-08-29,B,3164 制造六处老化选别,电表_E3（3#表）_67,2026-08-29T21:00:00,2026-08-29T22:00:00,9.482
2026-08-29,B,3164 制造六处老化选别,电表_E3（3#表）_67,2026-08-29T22:00:00,2026-08-29T23:00:00,10.306
2026-08-29,B,3164 制造六处老化选别,电表_E3（3#表）_67,2026-08-29T23:00:00,2026-08-30T00:00:00,10.822
2026-08-29,B,3164 制造六处老化选别,电表_E3（3#表）_67,2026-08-30T00:00:00,2026-08-30T01:00:00,11.337
2026-08-29,B,3164 制造六处老化选别,电表_E3（3#表）_67,2026-08-30T01:00:00,2026-08-30T02:00:00,10.718
2026-08-29,B,3164 制造六处老化选别,电表_E3（3#表）_67,2026-08-30T02:00:00,2026-08-30T03:00:00,10.1
2026-08-29,B,3164 制造六处老化选别,电表_E3（3#表）_67,2026-08-30T03:00:00,2026-08-30T04:00:00,10.306
2026-08-29,B,3164 制造六处老化选别,电表_E3（3#表）_67,2026-08-30T04:00:00,2026-08-30T05:00:00,11.131
2026-08-29,B,3164 制造六处老化选别,电表_E3（3#表）_67,2026-08-30T05:00:00,2026-08-30T06:00:00,10.822
2026-08-29,B,3164 制造六处老化选别,电表_E3（3#表）_67,2026-08-30T06:00:00,2026-08-30T07:00:00,9.997
2026-08-29,B,3164 制造六处老化选别,电表_E3（3#表）_67,2026-08-30T07:00:00,2026-08-30T08:00:00,9.894
2026-08-30,A,3164 制造六处老化选别,电表_E3（2#表）_66,2026-08-30T08:00:00,2026-08-30T09:00:00,29.557
2026-08-30,A,3164 制造六处老化选别,电表_E3（2#表）_66,2026-08-30T09:00:00,2026-08-30T10:00:00,31.992
2026-08-30,A,3164 制造六处老化选别,电表_E3（2#表）_66,2026-08-30T10:00:00,2026-08-30T11:00:00,34.773
2026-08-30,A,3164 制造六处老化选别,电表_E3（2#表）_66,2026-08-30T11:00:00,2026-08-30T12:00:00,36.512
2026-08-30,A,3164 制造六处老化选别,电表_E3（2#表）_66,2026-08-30T12:00:00,2026-08-30T13:00:00,38.251
2026-08-30,A,3164 制造六处老化选别,电表_E3（2#表）_66,2026-08-30T13:00:00,2026-08-30T14:00:00,36.164
2026-08-30,A,3164 制造六处老化选别,电表_E3（2#表）_66,2026-08-30T14:00:00,2026-08-30T15:00:00,34.078
2026-08-30,A,3164 制造六处老化选别,电表_E3（2#表）_66,2026-08-30T15:00:00,2026-08-30T16:00:00,34.773
2026-08-30,A,3164 制造六处老化选别,电表_E3（2#表）_66,2026-08-30T16:00:00,2026-08-30T17:00:00,37.555
2026-08-30,A,3164 制造六处老化选别,电表_E3（2#表）_66,2026-08-30T17:00:00,2026-08-30T18:00:00,36.512
2026-08-30,A,3164 制造六处老化选别,电表_E3（2#表）_66,2026-08-30T18:00:00,2026-08-30T19:00:00,33.73
2026-08-30,A,3164 制造六处老化选别,电表_E3（2#表）_66,2026-08-30T19:00:00,2026-08-30T20:00:00,33.382
2026-08-30,A,3164 制造六处老化选别,电表_E3（3#表）_67,2026-08-30T08:00:00,2026-08-30T09:00:00,14.175
2026-08-30,A,3164 制造六处老化选别,电表_E3（3#表）_67,2026-08-30T09:00:00,2026-08-30T10:00:00,15.343
2026-08-30,A,3164 制造六处老化选别,电表_E3（3#表）_67,2026-08-30T10:00:00,2026-08-30T11:00:00,16.677
2026-08-30,A,3164 制造六处老化选别,电表_E3（3#表）_67,2026-08-30T11:00:00,2026-08-30T12:00:00,17.511
2026-08-30,A,3164 制造六处老化选别,电表_E3（3#表）_67,2026-08-30T12:00:00,2026-08-30T13:00:00,18.344
2026-08-30,A,3164 制造六处老化选别,电表_E3（3#表）_67,2026-08-30T13:00:00,2026-08-30T14:00:00,17.344
2026-08-30,A,3164 制造六处老化选别,电表_E3（3#表）_67,2026-08-30T14:00:00,2026-08-30T15:00:00,16.343
2026-08-30,A,3164 制造六处老化选别,电表_E3（3#表）_67,2026-08-30T15:00:00,2026-08-30T16:00:00,16.677
2026-08-30,A,3164 制造六处老化选别,电表_E3（3#表）_67,2026-08-30T16:00:00,2026-08-30T17:00:00,18.011
2026-08-30,A,3164 制造六处老化选别,电表_E3（3#表）_67,2026-08-30T17:00:00,2026-08-30T18:00:00,17.51
2026-08-30,A,3164 制造六处老化选别,电表_E3（3#表）_67,2026-08-30T18:00:00,2026-08-30T19:00:00,16.176
2026-08-30,A,3164 制造六处老化选别,电表_E3（3#表）_67,2026-08-30T19:00:00,2026-08-30T20:00:00,16.01
2026-08-30,B,3164 制造六处老化选别,电表_E3（2#表）_66,2026-08-30T20:00:00,2026-08-30T21:00:00,2.028
2026-08-30,B,3164 制造六处老化选别,电表_E3（2#表）_66,2026-08-30T21:00:00,2026-08-30T22:00:00,2.028
2026-08-30,B,3164 制造六处老化选别,电表_E3（2#表）_66,2026-08-30T22:00:00,2026-08-30T23:00:00,2.028
2026-08-30,B,3164 制造六处老化选别,电表_E3（2#表）_66,2026-08-30T23:00:00,2026-08-31T00:00:00,2.028
2026-08-30,B,3164 制造六处老化选别,电表_E3（2#表）_66,2026-08-31T00:00:00,2026-08-31T01:00:00,2.028
2026-08-30,B,3164 制造六处老化选别,电表_E3（2#表）_66,2026-08-31T01:00:00,2026-08-31T02:00:00,2.028
2026-08-30,B,3164 制造六处老化选别,电表_E3（2#表）_66,2026-08-31T02:00:00,2026-08-31T03:00:00,2.028
2026-08-30,B,3164 制造六处老化选别,电表_E3（2#表）_66,2026-08-31T03:00:00,2026-08-31T04:00:00,2.027
2026-08-30,B,3164 制造六处老化选别,电表_E3（2#表）_66,2026-08-31T04:00:00,2026-08-31T05:00:00,2.027
2026-08-30,B,3164 制造六处老化选别,电表_E3（2#表）_66,2026-08-31T05:00:00,2026-08-31T06:00:00,2.027
2026-08-30,B,3164 制造六处老化选别,电表_E3（2#表）_66,2026-08-31T06:00:00,2026-08-31T07:00:00,2.027
2026-08-30,B,3164 制造六处老化选别,电表_E3（2#表）_66,2026-08-31T07:00:00,2026-08-31T08:00:00,2.027
2026-08-30,B,3164 制造六处老化选别,电表_E3（3#表）_67,2026-08-30T20:00:00,2026-08-30T21:00:00,0.973
2026-08-30,B,3164 制造六处老化选别,电表_E3（3#表）_67,2026-08-30T21:00:00,2026-08-30T22:00:00,0.973
2026-08-30,B,3164 制造六处老化选别,电表_E3（3#表）_67,2026-08-30T22:00:00,2026-08-30T23:00:00,0.973
2026-08-30,B,3164 制造六处老化选别,电表_E3（3#表）_67,2026-08-30T23:00:00,2026-08-31T00:00:00,0.973
2026-08-30,B,3164 制造六处老化选别,电表_E3（3#表）_67,2026-08-31T00:00:00,2026-08-31T01:00:00,0.973
2026-08-30,B,3164 制造六处老化选别,电表_E3（3#表）_67,2026-08-31T01:00:00,2026-08-31T02:00:00,0.972
2026-08-30,B,3164 制造六处老化选别,电表_E3（3#表）_67,2026-08-31T02:00:00,2026-08-31T03:00:00,0.972
2026-08-30,B,3164 制造六处老化选别,电表_E3（3#表）_67,2026-08-31T03:00:00,2026-08-31T04:00:00,0.972
2026-08-30,B,3164 制造六处老化选别,电表_E3（3#表）_67,2026-08-31T04:00:00,2026-08-31T05:00:00,0.972
2026-08-30,B,3164 制造六处老化选别,电表_E3（3#表）_67,2026-08-31T05:00:00,2026-08-31T06:00:00,0.972
2026-08-30,B,3164 制造六处老化选别,电表_E3（3#表）_67,2026-08-31T06:00:00,2026-08-31T07:00:00,0.972
2026-08-30,B,3164 制造六处老化选别,电表_E3（3#表）_67,2026-08-31T07:00:00,2026-08-31T08:00:00,0.972
2026-08-31,A,3164 制造六处老化选别,电表_E3（2#表）_66,2026-08-31T08:00:00,2026-08-31T09:00:00,12.091
2026-08-31,A,3164 制造六处老化选别,电表_E3（2#表）_66,2026-08-31T09:00:00,2026-08-31T10:00:00,13.086
2026-08-31,A,3164 制造六处老化选别,电表_E3（2#表）_66,2026-08-31T10:00:00,2026-08-31T11:00:00,14.224
2026-08-31,A,3164 制造六处老化选别,电表_E3（2#表）_66,2026-08-31T11:00:00,2026-08-31T12:00:00,14.935
2026-08-31,A,3164 制造六处老化选别,电表_E3（2#表）_66,2026-08-31T12:00:00,2026-08-31T13:00:00,15.646
2026-08-31,A,3164 制造六处老化选别,电表_E3（2#表）_66,2026-08-31T13:00:00,2026-08-31T14:00:00,14.793
2026-08-31,A,3164 制造六处老化选别,电表_E3（2#表）_66,2026-08-31T14:00:00,2026-08-31T15:00:00,13.94
2026-08-31,A,3164 制造六处老化选别,电表_E3（2#表）_66,2026-08-31T15:00:00,2026-08-31T16:00:00,14.224
2026-08-31,A,3164 制造六处老化选别,电表_E3（2#表）_66,2026-08-31T16:00:00,2026-08-31T17:00:00,15.362
2026-08-31,A,3164 制造六处老化选别,电表_E3（2#表）_66,2026-08-31T17:00:00,2026-08-31T18:00:00,14.935
2026-08-31,A,3164 制造六处老化选别,电表_E3（2#表）_66,2026-08-31T18:00:00,2026-08-31T19:00:00,13.797
2026-08-31,A,3164 制造六处老化选别,电表_E3（2#表）_66,2026-08-31T19:00:00,2026-08-31T20:00:00,13.655
2026-08-31,A,3164 制造六处老化选别,电表_E3（3#表）_67,2026-08-31T08:00:00,2026-08-31T09:00:00,5.798
2026-08-31,A,3164 制造六处老化选别,电表_E3（3#表）_67,2026-08-31T09:00:00,2026-08-31T10:00:00,6.276
2026-08-31,A,3164 制造六处老化选别,电表_E3（3#表）_67,2026-08-31T10:00:00,2026-08-31T11:00:00,6.822
2026-08-31,A,3164 制造六处老化选别,电表_E3（3#表）_67,2026-08-31T11:00:00,2026-08-31T12:00:00,7.163
2026-08-31,A,3164 制造六处老化选别,电表_E3（3#表）_67,2026-08-31T12:00:00,2026-08-31T13:00:00,7.504
2026-08-31,A,3164 制造六处老化选别,电表_E3（3#表）_67,2026-08-31T13:00:00,2026-08-31T14:00:00,7.094
2026-08-31,A,3164 制造六处老化选别,电表_E3（3#表）_67,2026-08-31T14:00:00,2026-08-31T15:00:00,6.685
2026-08-31,A,3164 制造六处老化选别,电表_E3（3#表）_67,2026-08-31T15:00:00,2026-08-31T16:00:00,6.821
2026-08-31,A,3164 制造六处老化选别,电表_E3（3#表）_67,2026-08-31T16:00:00,2026-08-31T17:00:00,7.367
2026-08-31,A,3164 制造六处老化选别,电表_E3（3#表）_67,2026-08-31T17:00:00,2026-08-31T18:00:00,7.163
2026-08-31,A,3164 制造六处老化选别,电表_E3（3#表）_67,2026-08-31T18:00:00,2026-08-31T19:00:00,6.617
2026-08-31,A,3164 制造六处老化选别,电表_E3（3#表）_67,2026-08-31T19:00:00,2026-08-31T20:00:00,6.549
2026-08-31,B,3164 制造六处老化选别,电表_E3（2#表）_66,2026-08-31T20:00:00,2026-08-31T21:00:00,18.775
2026-08-31,B,3164 制造六处老化选别,电表_E3（2#表）_66,2026-08-31T21:00:00,2026-08-31T22:00:00,20.321
2026-08-31,B,3164 制造六处老化选别,电表_E3（2#表）_66,2026-08-31T22:00:00,2026-08-31T23:00:00,22.088
2026-08-31,B,3164 制造六处老化选别,电表_E3（2#表）_66,2026-08-31T23:00:00,2026-09-01T00:00:00,23.193
2026-08-31,B,3164 制造六处老化选别,电表_E3（2#表）_66,2026-09-01T00:00:00,2026-09-01T01:00:00,24.297
2026-08-31,B,3164 制造六处老化选别,电表_E3（2#表）_66,2026-09-01T01:00:00,2026-09-01T02:00:00,22.972
2026-08-31,B,3164 制造六处老化选别,电表_E3（2#表）_66,2026-09-01T02:00:00,2026-09-01T03:00:00,21.646
2026-08-31,B,3164 制造六处老化选别,电表_E3（2#表）_66,2026-09-01T03:00:00,2026-09-01T04:00:00,22.088
2026-08-31,B,3164 制造六处老化选别,电表_E3（2#表）_66,2026-09-01T04:00:00,2026-09-01T05:00:00,23.855
2026-08-31,B,3164 制造六处老化选别,电表_E3（2#表）_66,2026-09-01T05:00:00,2026-09-01T06:00:00,23.192
2026-08-31,B,3164 制造六处老化选别,电表_E3（2#表）_66,2026-09-01T06:00:00,2026-09-01T07:00:00,21.425
2026-08-31,B,3164 制造六处老化选别,电表_E3（2#表）_66,2026-09-01T07:00:00,2026-09-01T08:00:00,21.205
2026-08-31,B,3164 制造六处老化选别,电表_E3（3#表）_67,2026-08-31T20:00:00,2026-08-31T21:00:00,9.004
2026-08-31,B,3164 制造六处老化选别,电表_E3（3#表）_67,2026-08-31T21:00:00,2026-08-31T22:00:00,9.746
2026-08-31,B,3164 制造六处老化选别,电表_E3（3#表）_67,2026-08-31T22:00:00,2026-08-31T23:00:00,10.593
2026-08-31,B,3164 制造六处老化选别,电表_E3（3#表）_67,2026-08-31T23:00:00,2026-09-01T00:00:00,11.123
2026-08-31,B,3164 制造六处老化选别,电表_E3（3#表）_67,2026-09-01T00:00:00,2026-09-01T01:00:00,11.653
2026-08-31,B,3164 制造六处老化选别,电表_E3（3#表）_67,2026-09-01T01:00:00,2026-09-01T02:00:00,11.017
2026-08-31,B,3164 制造六处老化选别,电表_E3（3#表）_67,2026-09-01T02:00:00,2026-09-01T03:00:00,10.381
2026-08-31,B,3164 制造六处老化选别,电表_E3（3#表）_67,2026-09-01T03:00:00,2026-09-01T04:00:00,10.593
2026-08-31,B,3164 制造六处老化选别,电表_E3（3#表）_67,2026-09-01T04:00:00,2026-09-01T05:00:00,11.441
2026-08-31,B,3164 制造六处老化选别,电表_E3（3#表）_67,2026-09-01T05:00:00,2026-09-01T06:00:00,11.123
2026-08-31,B,3164 制造六处老化选别,电表_E3（3#表）_67,2026-09-01T06:00:00,2026-09-01T07:00:00,10.275
2026-08-31,B,3164 制造六处老化选别,电表_E3（3#表）_67,2026-09-01T07:00:00,2026-09-01T08:00:00,10.169
2026-09-01,A,3164 制造六处老化选别,电表_E3（2#表）_66,2026-09-01T08:00:00,2026-09-01T09:00:00,28.095
2026-09-01,A,3164 制造六处老化选别,电表_E3（2#表）_66,2026-09-01T09:00:00,2026-09-01T10:00:00,30.409
2026-09-01,A,3164 制造六处老化选别,电表_E3（2#表）_66,2026-09-01T10:00:00,2026-09-01T11:00:00,33.053
2026-09-01,A,3164 制造六处老化选别,电表_E3（2#表）_66,2026-09-01T11:00:00,2026-09-01T12:00:00,34.706
2026-09-01,A,3164 制造六处老化选别,电表_E3（2#表）_66,2026-09-01T12:00:00,2026-09-01T13:00:00,36.359
2026-09-01,A,3164 制造六处老化选别,电表_E3（2#表）_66,2026-09-01T13:00:00,2026-09-01T14:00:00,34.375
2026-09-01,A,3164 制造六处老化选别,电表_E3（2#表）_66,2026-09-01T14:00:00,2026-09-01T15:00:00,32.392
2026-09-01,A,3164 制造六处老化选别,电表_E3（2#表）_66,2026-09-01T15:00:00,2026-09-01T16:00:00,33.053
2026-09-01,A,3164 制造六处老化选别,电表_E3（2#表）_66,2026-09-01T16:00:00,2026-09-01T17:00:00,35.697
2026-09-01,A,3164 制造六处老化选别,电表_E3（2#表）_66,2026-09-01T17:00:00,2026-09-01T18:00:00,34.706
2026-09-01,A,3164 制造六处老化选别,电表_E3（2#表）_66,2026-09-01T18:00:00,2026-09-01T19:00:00,32.062
2026-09-01,A,3164 制造六处老化选别,电表_E3（2#表）_66,2026-09-01T19:00:00,2026-09-01T20:00:00,31.731
2026-09-01,A,3164 制造六处老化选别,电表_E3（3#表）_67,2026-09-01T08:00:00,2026-09-01T09:00:00,13.474
2026-09-01,A,3164 制造六处老化选别,电表_E3（3#表）_67,2026-09-01T09:00:00,2026-09-01T10:00:00,14.583
2026-09-01,A,3164 制造六处老化选别,电表_E3（3#表）_67,2026-09-01T10:00:00,2026-09-01T11:00:00,15.852
2026-09-01,A,3164 制造六处老化选别,电表_E3（3#表）_67,2026-09-01T11:00:00,2026-09-01T12:00:00,16.644
2026-09-01,A,3164 制造六处老化选别,电表_E3（3#表）_67,2026-09-01T12:00:00,2026-09-01T13:00:00,17.437
2026-09-01,A,3164 制造六处老化选别,电表_E3（3#表）_67,2026-09-01T13:00:00,2026-09-01T14:00:00,16.486
2026-09-01,A,3164 制造六处老化选别,电表_E3（3#表）_67,2026-09-01T14:00:00,2026-09-01T15:00:00,15.535
2026-09-01,A,3164 制造六处老化选别,电表_E3（3#表）_67,2026-09-01T15:00:00,2026-09-01T16:00:00,15.852
2026-09-01,A,3164 制造六处老化选别,电表_E3（3#表）_67,2026-09-01T16:00:00,2026-09-01T17:00:00,17.12
2026-09-01,A,3164 制造六处老化选别,电表_E3（3#表）_67,2026-09-01T17:00:00,2026-09-01T18:00:00,16.644
2026-09-01,A,3164 制造六处老化选别,电表_E3（3#表）_67,2026-09-01T18:00:00,2026-09-01T19:00:00,15.376
2026-09-01,A,3164 制造六处老化选别,电表_E3（3#表）_67,2026-09-01T19:00:00,2026-09-01T20:00:00,15.218
2026-09-01,B,3164 制造六处老化选别,电表_E3（2#表）_66,2026-09-01T20:00:00,2026-09-01T21:00:00,26.305
2026-09-01,B,3164 制造六处老化选别,电表_E3（2#表）_66,2026-09-01T21:00:00,2026-09-01T22:00:00,28.472
2026-09-01,B,3164 制造六处老化选别,电表_E3（2#表）_66,2026-09-01T22:00:00,2026-09-01T23:00:00,30.948
2026-09-01,B,3164 制造六处老化选别,电表_E3（2#表）_66,2026-09-01T23:00:00,2026-09-02T00:00:00,32.495
2026-09-01,B,3164 制造六处老化选别,电表_E3（2#表）_66,2026-09-02T00:00:00,2026-09-02T01:00:00,34.042
2026-09-01,B,3164 制造六处老化选别,电表_E3（2#表）_66,2026-09-02T01:00:00,2026-09-02T02:00:00,32.185
2026-09-01,B,3164 制造六处老化选别,电表_E3（2#表）_66,2026-09-02T02:00:00,2026-09-02T03:00:00,30.329
2026-09-01,B,3164 制造六处老化选别,电表_E3（2#表）_66,2026-09-02T03:00:00,2026-09-02T04:00:00,30.947
2026-09-01,B,3164 制造六处老化选别,电表_E3（2#表）_66,2026-09-02T04:00:00,2026-09-02T05:00:00,33.423
2026-09-01,B,3164 制造六处老化选别,电表_E3（2#表）_66,2026-09-02T05:00:00,2026-09-02T06:00:00,32.495
2026-09-01,B,3164 制造六处老化选别,电表_E3（2#表）_66,2026-09-02T06:00:00,2026-09-02T07:00:00,30.019
2026-09-01,B,3164 制造六处老化选别,电表_E3（2#表）_66,2026-09-02T07:00:00,2026-09-02T08:00:00,29.71
2026-09-01,B,3164 制造六处老化选别,电表_E3（3#表）_67,2026-09-01T20:00:00,2026-09-01T21:00:00,12.616
2026-09-01,B,3164 制造六处老化选别,电表_E3（3#表）_67,2026-09-01T21:00:00,2026-09-01T22:00:00,13.654
2026-09-01,B,3164 制造六处老化选别,电表_E3（3#表）_67,2026-09-01T22:00:00,2026-09-01T23:00:00,14.842
2026-09-01,B,3164 制造六处老化选别,电表_E3（3#表）_67,2026-09-01T23:00:00,2026-09-02T00:00:00,15.584
2026-09-01,B,3164 制造六处老化选别,电表_E3（3#表）_67,2026-09-02T00:00:00,2026-09-02T01:00:00,16.326
2026-09-01,B,3164 制造六处老化选别,电表_E3（3#表）_67,2026-09-02T01:00:00,2026-09-02T02:00:00,15.436
2026-09-01,B,3164 制造六处老化选别,电表_E3（3#表）_67,2026-09-02T02:00:00,2026-09-02T03:00:00,14.545
2026-09-01,B,3164 制造六处老化选别,电表_E3（3#表）_67,2026-09-02T03:00:00,2026-09-02T04:00:00,14.842
2026-09-01,B,3164 制造六处老化选别,电表_E3（3#表）_67,2026-09-02T04:00:00,2026-09-02T05:00:00,16.029
2026-09-01,B,3164 制造六处老化选别,电表_E3（3#表）_67,2026-09-02T05:00:00,2026-09-02T06:00:00,15.584
2026-09-01,B,3164 制造六处老化选别,电表_E3（3#表）_67,2026-09-02T06:00:00,2026-09-02T07:00:00,14.397
2026-09-01,B,3164 制造六处老化选别,电表_E3（3#表）_67,2026-09-02T07:00:00,2026-09-02T08:00:00,14.248
2026-09-02,A,3164 制造六处老化选别,电表_E3（2#表）_66,2026-09-02T08:00:00,2026-09-02T09:00:00,38.786
2026-09-02,A,3164 制造六处老化选别,电表_E3（2#表）_66,2026-09-02T09:00:00,2026-09-02T10:00:00,41.981
2026-09-02,A,3164 制造六处老化选别,电表_E3（2#表）_66,2026-09-02T10:00:00,2026-09-02T11:00:00,45.631
2026-09-02,A,3164 制造六处老化选别,电表_E3（2#表）_66,2026-09-02T11:00:00,2026-09-02T12:00:00,47.913
2026-09-02,A,3164 制造六处老化选别,电表_E3（2#表）_66,2026-09-02T12:00:00,2026-09-02T13:00:00,50.194
2026-09-02,A,3164 制造六处老化选别,电表_E3（2#表）_66,2026-09-02T13:00:00,2026-09-02T14:00:00,47.456
2026-09-02,A,3164 制造六处老化选别,电表_E3（2#表）_66,2026-09-02T14:00:00,2026-09-02T15:00:00,44.718
2026-09-02,A,3164 制造六处老化选别,电表_E3（2#表）_66,2026-09-02T15:00:00,2026-09-02T16:00:00,45.631
2026-09-02,A,3164 制造六处老化选别,电表_E3（2#表）_66,2026-09-02T16:00:00,2026-09-02T17:00:00,49.282
2026-09-02,A,3164 制造六处老化选别,电表_E3（2#表）_66,2026-09-02T17:00:00,2026-09-02T18:00:00,47.913
2026-09-02,A,3164 制造六处老化选别,电表_E3（2#表）_66,2026-09-02T18:00:00,2026-09-02T19:00:00,44.262
2026-09-02,A,3164 制造六处老化选别,电表_E3（2#表）_66,2026-09-02T19:00:00,2026-09-02T20:00:00,43.806
2026-09-02,A,3164 制造六处老化选别,电表_E3（3#表）_67,2026-09-02T08:00:00,2026-09-02T09:00:00,18.602
2026-09-02,A,3164 制造六处老化选别,电表_E3（3#表）_67,2026-09-02T09:00:00,2026-09-02T10:00:00,20.133
2026-09-02,A,3164 制造六处老化选别,电表_E3（3#表）_67,2026-09-02T10:00:00,2026-09-02T11:00:00,21.884
2026-09-02,A,3164 制造六处老化选别,电表_E3（3#表）_67,2026-09-02T11:00:00,2026-09-02T12:00:00,22.978
2026-09-02,A,3164 制造六处老化选别,电表_E3（3#表）_67,2026-09-02T12:00:00,2026-09-02T13:00:00,24.072
2026-09-02,A,3164 制造六处老化选别,电表_E3（3#表）_67,2026-09-02T13:00:00,2026-09-02T14:00:00,22.759
2026-09-02,A,3164 制造六处老化选别,电表_E3（3#表）_67,2026-09-02T14:00:00,2026-09-02T15:00:00,21.446
2026-09-02,A,3164 制造六处老化选别,电表_E3（3#表）_67,2026-09-02T15:00:00,2026-09-02T16:00:00,21.884
2026-09-02,A,3164 制造六处老化选别,电表_E3（3#表）_67,2026-09-02T16:00:00,2026-09-02T17:00:00,23.635
2026-09-02,A,3164 制造六处老化选别,电表_E3（3#表）_67,2026-09-02T17:00:00,2026-09-02T18:00:00,22.978
2026-09-02,A,3164 制造六处老化选别,电表_E3（3#表）_67,2026-09-02T18:00:00,2026-09-02T19:00:00,21.228
2026-09-02,A,3164 制造六处老化选别,电表_E3（3#表）_67,2026-09-02T19:00:00,2026-09-02T20:00:00,21.009
2026-09-02,B,3164 制造六处老化选别,电表_E3（2#表）_66,2026-09-02T20:00:00,2026-09-02T21:00:00,65.151
2026-09-02,B,3164 制造六处老化选别,电表_E3（2#表）_66,2026-09-02T21:00:00,2026-09-02T22:00:00,68.983
2026-09-02,B,3164 制造六处老化选别,电表_E3（2#表）_66,2026-09-02T22:00:00,2026-09-02T23:00:00,130.301
2026-09-02,B,3164 制造六处老化选别,电表_E3（2#表）_66,2026-09-02T23:00:00,2026-09-03T00:00:00,141.798
2026-09-02,B,3164 制造六处老化选别,电表_E3（2#表）_66,2026-09-03T00:00:00,2026-09-03T01:00:00,107.307
2026-09-02,B,3164 制造六处老化选别,电表_E3（2#表）_66,2026-09-03T01:00:00,2026-09-03T02:00:00,84.312
2026-09-02,B,3164 制造六处老化选别,电表_E3（2#表）_66,2026-09-03T02:00:00,2026-09-03T03:00:00,72.815
2026-09-02,B,3164 制造六处老化选别,电表_E3（2#表）_66,2026-09-03T03:00:00,2026-09-03T04:00:00,68.983
2026-09-02,B,3164 制造六处老化选别,电表_E3（2#表）_66,2026-09-03T04:00:00,2026-09-03T05:00:00,67.45
2026-09-02,B,3164 制造六处老化选别,电表_E3（2#表）_66,2026-09-03T05:00:00,2026-09-03T06:00:00,65.15
2026-09-02,B,3164 制造六处老化选别,电表_E3（2#表）_66,2026-09-03T06:00:00,2026-09-03T07:00:00,62.851
2026-09-02,B,3164 制造六处老化选别,电表_E3（2#表）_66,2026-09-03T07:00:00,2026-09-03T08:00:00,61.318
2026-09-02,B,3164 制造六处老化选别,电表_E3（3#表）_67,2026-09-02T20:00:00,2026-09-02T21:00:00,31.245
2026-09-02,B,3164 制造六处老化选别,电表_E3（3#表）_67,2026-09-02T21:00:00,2026-09-02T22:00:00,33.083
2026-09-02,B,3164 制造六处老化选别,电表_E3（3#表）_67,2026-09-02T22:00:00,2026-09-02T23:00:00,62.491
2026-09-02,B,3164 制造六处老化选别,电表_E3（3#表）_67,2026-09-02T23:00:00,2026-09-03T00:00:00,68.004
2026-09-02,B,3164 制造六处老化选别,电表_E3（3#表）_67,2026-09-03T00:00:00,2026-09-03T01:00:00,51.463
2026-09-02,B,3164 制造六处老化选别,电表_E3（3#表）_67,2026-09-03T01:00:00,2026-09-03T02:00:00,40.435
2026-09-02,B,3164 制造六处老化选别,电表_E3（3#表）_67,2026-09-03T02:00:00,2026-09-03T03:00:00,34.921
2026-09-02,B,3164 制造六处老化选别,电表_E3（3#表）_67,2026-09-03T03:00:00,2026-09-03T04:00:00,33.083
2026-09-02,B,3164 制造六处老化选别,电表_E3（3#表）_67,2026-09-03T04:00:00,2026-09-03T05:00:00,32.348
2026-09-02,B,3164 制造六处老化选别,电表_E3（3#表）_67,2026-09-03T05:00:00,2026-09-03T06:00:00,31.245
2026-09-02,B,3164 制造六处老化选别,电表_E3（3#表）_67,2026-09-03T06:00:00,2026-09-03T07:00:00,30.143
2026-09-02,B,3164 制造六处老化选别,电表_E3（3#表）_67,2026-09-03T07:00:00,2026-09-03T08:00:00,29.407
2026-09-03,A,3164 制造六处老化选别,电表_E3（2#表）_66,2026-09-03T08:00:00,2026-09-03T09:00:00,47.321
2026-09-03,A,3164 制造六处老化选别,电表_E3（2#表）_66,2026-09-03T09:00:00,2026-09-03T10:00:00,51.218
2026-09-03,A,3164 制造六处老化选别,电表_E3（2#表）_66,2026-09-03T10:00:00,2026-09-03T11:00:00,55.672
2026-09-03,A,3164 制造六处老化选别,电表_E3（2#表）_66,2026-09-03T11:00:00,2026-09-03T12:00:00,58.456
2026-09-03,A,3164 制造六处老化选别,电表_E3（2#表）_66,2026-09-03T12:00:00,2026-09-03T13:00:00,61.239
2026-09-03,A,3164 制造六处老化选别,电表_E3（2#表）_66,2026-09-03T13:00:00,2026-09-03T14:00:00,57.899
2026-09-03,A,3164 制造六处老化选别,电表_E3（2#表）_66,2026-09-03T14:00:00,2026-09-03T15:00:00,54.558
2026-09-03,A,3164 制造六处老化选别,电表_E3（2#表）_66,2026-09-03T15:00:00,2026-09-03T16:00:00,55.672
2026-09-03,A,3164 制造六处老化选别,电表_E3（2#表）_66,2026-09-03T16:00:00,2026-09-03T17:00:00,60.126
2026-09-03,A,3164 制造六处老化选别,电表_E3（2#表）_66,2026-09-03T17:00:00,2026-09-03T18:00:00,58.456
2026-09-03,A,3164 制造六处老化选别,电表_E3（2#表）_66,2026-09-03T18:00:00,2026-09-03T19:00:00,54.002
2026-09-03,A,3164 制造六处老化选别,电表_E3（2#表）_66,2026-09-03T19:00:00,2026-09-03T20:00:00,53.445
2026-09-03,A,3164 制造六处老化选别,电表_E3（3#表）_67,2026-09-03T08:00:00,2026-09-03T09:00:00,22.695
2026-09-03,A,3164 制造六处老化选别,电表_E3（3#表）_67,2026-09-03T09:00:00,2026-09-03T10:00:00,24.564
2026-09-03,A,3164 制造六处老化选别,电表_E3（3#表）_67,2026-09-03T10:00:00,2026-09-03T11:00:00,26.699
2026-09-03,A,3164 制造六处老化选别,电表_E3（3#表）_67,2026-09-03T11:00:00,2026-09-03T12:00:00,28.034
2026-09-03,A,3164 制造六处老化选别,电表_E3（3#表）_67,2026-09-03T12:00:00,2026-09-03T13:00:00,29.369
2026-09-03,A,3164 制造六处老化选别,电表_E3（3#表）_67,2026-09-03T13:00:00,2026-09-03T14:00:00,27.767
2026-09-03,A,3164 制造六处老化选别,电表_E3（3#表）_67,2026-09-03T14:00:00,2026-09-03T15:00:00,26.166
2026-09-03,A,3164 制造六处老化选别,电表_E3（3#表）_67,2026-09-03T15:00:00,2026-09-03T16:00:00,26.699
2026-09-03,A,3164 制造六处老化选别,电表_E3（3#表）_67,2026-09-03T16:00:00,2026-09-03T17:00:00,28.835
2026-09-03,A,3164 制造六处老化选别,电表_E3（3#表）_67,2026-09-03T17:00:00,2026-09-03T18:00:00,28.034
2026-09-03,A,3164 制造六处老化选别,电表_E3（3#表）_67,2026-09-03T18:00:00,2026-09-03T19:00:00,25.899
2026-09-03,A,3164 制造六处老化选别,电表_E3（3#表）_67,2026-09-03T19:00:00,2026-09-03T20:00:00,25.632
2026-09-03,B,3164 制造六处老化选别,电表_E3（2#表）_66,2026-09-03T20:00:00,2026-09-03T21:00:00,44.482
2026-09-03,B,3164 制造六处老化选别,电表_E3（2#表）_66,2026-09-03T21:00:00,2026-09-03T22:00:00,48.145
2026-09-03,B,3164 制造六处老化选别,电表_E3（2#表）_66,2026-09-03T22:00:00,2026-09-03T23:00:00,52.331
2026-09-03,B,3164 制造六处老化选别,电表_E3（2#表）_66,2026-09-03T23:00:00,2026-09-04T00:00:00,54.948
2026-09-03,B,3164 制造六处老化选别,电表_E3（2#表）_66,2026-09-04T00:00:00,2026-09-04T01:00:00,57.565
2026-09-03,B,3164 制造六处老化选别,电表_E3（2#表）_66,2026-09-04T01:00:00,2026-09-04T02:00:00,54.425
2026-09-03,B,3164 制造六处老化选别,电表_E3（2#表）_66,2026-09-04T02:00:00,2026-09-04T03:00:00,51.285
2026-09-03,B,3164 制造六处老化选别,电表_E3（2#表）_66,2026-09-04T03:00:00,2026-09-04T04:00:00,52.331
2026-09-03,B,3164 制造六处老化选别,电表_E3（2#表）_66,2026-09-04T04:00:00,2026-09-04T05:00:00,56.518
2026-09-03,B,3164 制造六处老化选别,电表_E3（2#表）_66,2026-09-04T05:00:00,2026-09-04T06:00:00,54.948
2026-09-03,B,3164 制造六处老化选别,电表_E3（2#表）_66,2026-09-04T06:00:00,2026-09-04T07:00:00,50.762
2026-09-03,B,3164 制造六处老化选别,电表_E3（2#表）_66,2026-09-04T07:00:00,2026-09-04T08:00:00,50.238
2026-09-03,B,3164 制造六处老化选别,电表_E3（3#表）_67,2026-09-03T20:00:00,2026-09-03T21:00:00,21.333
2026-09-03,B,3164 制造六处老化选别,电表_E3（3#表）_67,2026-09-03T21:00:00,2026-09-03T22:00:00,23.09
2026-09-03,B,3164 制造六处老化选别,电表_E3（3#表）_67,2026-09-03T22:00:00,2026-09-03T23:00:00,25.097
2026-09-03,B,3164 制造六处老化选别,电表_E3（3#表）_67,2026-09-03T23:00:00,2026-09-04T00:00:00,26.352
2026-09-03,B,3164 制造六处老化选别,电表_E3（3#表）_67,2026-09-04T00:00:00,2026-09-04T01:00:00,27.607
2026-09-03,B,3164 制造六处老化选别,电表_E3（3#表）_67,2026-09-04T01:00:00,2026-09-04T02:00:00,26.101
2026-09-03,B,3164 制造六处老化选别,电表_E3（3#表）_67,2026-09-04T02:00:00,2026-09-04T03:00:00,24.595
2026-09-03,B,3164 制造六处老化选别,电表_E3（3#表）_67,2026-09-04T03:00:00,2026-09-04T04:00:00,25.097
2026-09-03,B,3164 制造六处老化选别,电表_E3（3#表）_67,2026-09-04T04:00:00,2026-09-04T05:00:00,27.105
2026-09-03,B,3164 制造六处老化选别,电表_E3（3#表）_67,2026-09-04T05:00:00,2026-09-04T06:00:00,26.352
2026-09-03,B,3164 制造六处老化选别,电表_E3（3#表）_67,2026-09-04T06:00:00,2026-09-04T07:00:00,24.345
2026-09-03,B,3164 制造六处老化选别,电表_E3（3#表）_67,2026-09-04T07:00:00,2026-09-04T08:00:00,24.094
2026-09-04,A,3164 制造六处老化选别,电表_E3（2#表）_66,2026-09-04T08:00:00,2026-09-04T09:00:00,26.657
2026-09-04,A,3164 制造六处老化选别,电表_E3（2#表）_66,2026-09-04T09:00:00,2026-09-04T10:00:00,28.853
2026-09-04,A,3164 制造六处老化选别,电表_E3（2#表）_66,2026-09-04T10:00:00,2026-09-04T11:00:00,31.362
2026-09-04,A,3164 制造六处老化选别,电表_E3（2#表）_66,2026-09-04T11:00:00,2026-09-04T12:00:00,32.93
2026-09-04,A,3164 制造六处老化选别,电表_E3（2#表）_66,2026-09-04T12:00:00,2026-09-04T13:00:00,34.498
2026-09-04,A,3164 制造六处老化选别,电表_E3（2#表）_66,2026-09-04T13:00:00,2026-09-04T14:00:00,32.616
2026-09-04,A,3164 制造六处老化选别,电表_E3（2#表）_66,2026-09-04T14:00:00,2026-09-04T15:00:00,30.735
2026-09-04,A,3164 制造六处老化选别,电表_E3（2#表）_66,2026-09-04T15:00:00,2026-09-04T16:00:00,31.362
2026-09-04,A,3164 制造六处老化选别,电表_E3（2#表）_66,2026-09-04T16:00:00,2026-09-04T17:00:00,33.871
2026-09-04,A,3164 制造六处老化选别,电表_E3（2#表）_66,2026-09-04T17:00:00,2026-09-04T18:00:00,32.93
2026-09-04,A,3164 制造六处老化选别,电表_E3（2#表）_66,2026-09-04T18:00:00,2026-09-04T19:00:00,30.421
2026-09-04,A,3164 制造六处老化选别,电表_E3（2#表）_66,2026-09-04T19:00:00,2026-09-04T20:00:00,30.107
2026-09-04,A,3164 制造六处老化选别,电表_E3（3#表）_67,2026-09-04T08:00:00,2026-09-04T09:00:00,12.784
2026-09-04,A,3164 制造六处老化选别,电表_E3（3#表）_67,2026-09-04T09:00:00,2026-09-04T10:00:00,13.837
2026-09-04,A,3164 制造六处老化选别,电表_E3（3#表）_67,2026-09-04T10:00:00,2026-09-04T11:00:00,15.041
2026-09-04,A,3164 制造六处老化选别,电表_E3（3#表）_67,2026-09-04T11:00:00,2026-09-04T12:00:00,15.793
2026-09-04,A,3164 制造六处老化选别,电表_E3（3#表）_67,2026-09-04T12:00:00,2026-09-04T13:00:00,16.545
2026-09-04,A,3164 制造六处老化选别,电表_E3（3#表）_67,2026-09-04T13:00:00,2026-09-04T14:00:00,15.642
2026-09-04,A,3164 制造六处老化选别,电表_E3（3#表）_67,2026-09-04T14:00:00,2026-09-04T15:00:00,14.74
2026-09-04,A,3164 制造六处老化选别,电表_E3（3#表）_67,2026-09-04T15:00:00,2026-09-04T16:00:00,15.041
2026-09-04,A,3164 制造六处老化选别,电表_E3（3#表）_67,2026-09-04T16:00:00,2026-09-04T17:00:00,16.244
2026-09-04,A,3164 制造六处老化选别,电表_E3（3#表）_67,2026-09-04T17:00:00,2026-09-04T18:00:00,15.793
2026-09-04,A,3164 制造六处老化选别,电表_E3（3#表）_67,2026-09-04T18:00:00,2026-09-04T19:00:00,14.589
2026-09-04,A,3164 制造六处老化选别,电表_E3（3#表）_67,2026-09-04T19:00:00,2026-09-04T20:00:00,14.439
2026-09-04,B,3164 制造六处老化选别,电表_E3（2#表）_66,2026-09-04T20:00:00,2026-09-04T21:00:00,5.4
2026-09-04,B,3164 制造六处老化选别,电表_E3（2#表）_66,2026-09-04T21:00:00,2026-09-04T22:00:00,5.844
2026-09-04,B,3164 制造六处老化选别,电表_E3（2#表）_66,2026-09-04T22:00:00,2026-09-04T23:00:00,6.352
2026-09-04,B,3164 制造六处老化选别,电表_E3（2#表）_66,2026-09-04T23:00:00,2026-09-05T00:00:00,6.67
2026-09-04,B,3164 制造六处老化选别,电表_E3（2#表）_66,2026-09-05T00:00:00,2026-09-05T01:00:00,6.988
2026-09-04,B,3164 制造六处老化选别,电表_E3（2#表）_66,2026-09-05T01:00:00,2026-09-05T02:00:00,6.607
2026-09-04,B,3164 制造六处老化选别,电表_E3（2#表）_66,2026-09-05T02:00:00,2026-09-05T03:00:00,6.225
2026-09-04,B,3164 制造六处老化选别,电表_E3（2#表）_66,2026-09-05T03:00:00,2026-09-05T04:00:00,6.352
2026-09-04,B,3164 制造六处老化选别,电表_E3（2#表）_66,2026-09-05T04:00:00,2026-09-05T05:00:00,6.861
2026-09-04,B,3164 制造六处老化选别,电表_E3（2#表）_66,2026-09-05T05:00:00,2026-09-05T06:00:00,6.67
2026-09-04,B,3164 制造六处老化选别,电表_E3（2#表）_66,2026-09-05T06:00:00,2026-09-05T07:00:00,6.162
2026-09-04,B,3164 制造六处老化选别,电表_E3（2#表）_66,2026-09-05T07:00:00,2026-09-05T08:00:00,6.098
2026-09-04,B,3164 制造六处老化选别,电表_E3（3#表）_67,2026-09-04T20:00:00,2026-09-04T21:00:00,2.59
2026-09-04,B,3164 制造六处老化选别,电表_E3（3#表）_67,2026-09-04T21:00:00,2026-09-04T22:00:00,2.803
2026-09-04,B,3164 制造六处老化选别,电表_E3（3#表）_67,2026-09-04T22:00:00,2026-09-04T23:00:00,3.047
2026-09-04,B,3164 制造六处老化选别,电表_E3（3#表）_67,2026-09-04T23:00:00,2026-09-05T00:00:00,3.199
2026-09-04,B,3164 制造六处老化选别,电表_E3（3#表）_67,2026-09-05T00:00:00,2026-09-05T01:00:00,3.351
2026-09-04,B,3164 制造六处老化选别,电表_E3（3#表）_67,2026-09-05T01:00:00,2026-09-05T02:00:00,3.168
2026-09-04,B,3164 制造六处老化选别,电表_E3（3#表）_67,2026-09-05T02:00:00,2026-09-05T03:00:00,2.986
2026-09-04,B,3164 制造六处老化选别,电表_E3（3#表）_67,2026-09-05T03:00:00,2026-09-05T04:00:00,3.046
2026-09-04,B,3164 制造六处老化选别,电表_E3（3#表）_67,2026-09-05T04:00:00,2026-09-05T05:00:00,3.29
2026-09-04,B,3164 制造六处老化选别,电表_E3（3#表）_67,2026-09-05T05:00:00,2026-09-05T06:00:00,3.199
2026-09-04,B,3164 制造六处老化选别,电表_E3（3#表）_67,2026-09-05T06:00:00,2026-09-05T07:00:00,2.955
2026-09-04,B,3164 制造六处老化选别,电表_E3（3#表）_67,2026-09-05T07:00:00,2026-09-05T08:00:00,2.925
2026-09-05,A,3164 制造六处老化选别,电表_E3（2#表）_66,2026-09-05T08:00:00,2026-09-05T09:00:00,1.086
2026-09-05,A,3164 制造六处老化选别,电表_E3（2#表）_66,2026-09-05T09:00:00,2026-09-05T10:00:00,1.175
2026-09-05,A,3164 制造六处老化选别,电表_E3（2#表）_66,2026-09-05T10:00:00,2026-09-05T11:00:00,1.277
2026-09-05,A,3164 制造六处老化选别,电表_E3（2#表）_66,2026-09-05T11:00:00,2026-09-05T12:00:00,1.341
2026-09-05,A,3164 制造六处老化选别,电表_E3（2#表）_66,2026-09-05T12:00:00,2026-09-05T13:00:00,1.405
2026-09-05,A,3164 制造六处老化选别,电表_E3（2#表）_66,2026-09-05T13:00:00,2026-09-05T14:00:00,1.328
2026-09-05,A,3164 制造六处老化选别,电表_E3（2#表）_66,2026-09-05T14:00:00,2026-09-05T15:00:00,1.252
2026-09-05,A,3164 制造六处老化选别,电表_E3（2#表）_66,2026-09-05T15:00:00,2026-09-05T16:00:00,1.277
2026-09-05,A,3164 制造六处老化选别,电表_E3（2#表）_66,2026-09-05T16:00:00,2026-09-05T17:00:00,1.379
2026-09-05,A,3164 制造六处老化选别,电表_E3（2#表）_66,2026-09-05T17:00:00,2026-09-05T18:00:00,1.341
2026-09-05,A,3164 制造六处老化选别,电表_E3（2#表）_66,2026-09-05T18:00:00,2026-09-05T19:00:00,1.239
2026-09-05,A,3164 制造六处老化选别,电表_E3（2#表）_66,2026-09-05T19:00:00,2026-09-05T20:00:00,1.226
2026-09-05,A,3164 制造六处老化选别,电表_E3（3#表）_67,2026-09-05T08:00:00,2026-09-05T09:00:00,0.521
2026-09-05,A,3164 制造六处老化选别,电表_E3（3#表）_67,2026-09-05T09:00:00,2026-09-05T10:00:00,0.564
2026-09-05,A,3164 制造六处老化选别,电表_E3（3#表）_67,2026-09-05T10:00:00,2026-09-05T11:00:00,0.613
2026-09-05,A,3164 制造六处老化选别,电表_E3（3#表）_67,2026-09-05T11:00:00,2026-09-05T12:00:00,0.643
2026-09-05,A,3164 制造六处老化选别,电表_E3（3#表）_67,2026-09-05T12:00:00,2026-09-05T13:00:00,0.674
2026-09-05,A,3164 制造六处老化选别,电表_E3（3#表）_67,2026-09-05T13:00:00,2026-09-05T14:00:00,0.637
2026-09-05,A,3164 制造六处老化选别,电表_E3（3#表）_67,2026-09-05T14:00:00,2026-09-05T15:00:00,0.6
2026-09-05,A,3164 制造六处老化选别,电表_E3（3#表）_67,2026-09-05T15:00:00,2026-09-05T16:00:00,0.612
2026-09-05,A,3164 制造六处老化选别,电表_E3（3#表）_67,2026-09-05T16:00:00,2026-09-05T17:00:00,0.661
2026-09-05,A,3164 制造六处老化选别,电表_E3（3#表）_67,2026-09-05T17:00:00,2026-09-05T18:00:00,0.643
2026-09-05,A,3164 制造六处老化选别,电表_E3（3#表）_67,2026-09-05T18:00:00,2026-09-05T19:00:00,0.594
2026-09-05,A,3164 制造六处老化选别,电表_E3（3#表）_67,2026-09-05T19:00:00,2026-09-05T20:00:00,0.588
2026-09-05,B,3164 制造六处老化选别,电表_E3（2#表）_66,2026-09-05T20:00:00,2026-09-05T21:00:00,32.638
2026-09-05,B,3164 制造六处老化选别,电表_E3（2#表）_66,2026-09-05T21:00:00,2026-09-05T22:00:00,35.326
2026-09-05,B,3164 制造六处老化选别,电表_E3（2#表）_66,2026-09-05T22:00:00,2026-09-05T23:00:00,38.398
2026-09-05,B,3164 制造六处老化选别,电表_E3（2#表）_66,2026-09-05T23:00:00,2026-09-06T00:00:00,40.317
2026-09-05,B,3164 制造六处老化选别,电表_E3（2#表）_66,2026-09-06T00:00:00,2026-09-06T01:00:00,42.237
2026-09-05,B,3164 制造六处老化选别,电表_E3（2#表）_66,2026-09-06T01:00:00,2026-09-06T02:00:00,39.933
2026-09-05,B,3164 制造六处老化选别,电表_E3（2#表）_66,2026-09-06T02:00:00,2026-09-06T03:00:00,37.63
2026-09-05,B,3164 制造六处老化选别,电表_E3（2#表）_66,2026-09-06T03:00:00,2026-09-06T04:00:00,38.398
2026-09-05,B,3164 制造六处老化选别,电表_E3（2#表）_66,2026-09-06T04:00:00,2026-09-06T05:00:00,41.469
2026-09-05,B,3164 制造六处老化选别,电表_E3（2#表）_66,2026-09-06T05:00:00,2026-09-06T06:00:00,40.317
2026-09-05,B,3164 制造六处老化选别,电表_E3（2#表）_66,2026-09-06T06:00:00,2026-09-06T07:00:00,37.246
2026-09-05,B,3164 制造六处老化选别,电表_E3（2#表）_66,2026-09-06T07:00:00,2026-09-06T08:00:00,36.862
2026-09-05,B,3164 制造六处老化选别,电表_E3（3#表）_67,2026-09-05T20:00:00,2026-09-05T21:00:00,15.653
2026-09-05,B,3164 制造六处老化选别,电表_E3（3#表）_67,2026-09-05T21:00:00,2026-09-05T22:00:00,16.942
2026-09-05,B,3164 制造六处老化选别,电表_E3（3#表）_67,2026-09-05T22:00:00,2026-09-05T23:00:00,18.415
2026-09-05,B,3164 制造六处老化选别,电表_E3（3#表）_67,2026-09-05T23:00:00,2026-09-06T00:00:00,19.336
2026-09-05,B,3164 制造六处老化选别,电表_E3（3#表）_67,2026-09-06T00:00:00,2026-09-06T01:00:00,20.256
2026-09-05,B,3164 制造六处老化选别,电表_E3（3#表）_67,2026-09-06T01:00:00,2026-09-06T02:00:00,19.151
2026-09-05,B,3164 制造六处老化选别,电表_E3（3#表）_67,2026-09-06T02:00:00,2026-09-06T03:00:00,18.047
2026-09-05,B,3164 制造六处老化选别,电表_E3（3#表）_67,2026-09-06T03:00:00,2026-09-06T04:00:00,18.415
2026-09-05,B,3164 制造六处老化选别,电表_E3（3#表）_67,2026-09-06T04:00:00,2026-09-06T05:00:00,19.888
2026-09-05,B,3164 制造六处老化选别,电表_E3（3#表）_67,2026-09-06T05:00:00,2026-09-06T06:00:00,19.336
2026-09-05,B,3164 制造六处老化选别,电表_E3（3#表）_67,2026-09-06T06:00:00,2026-09-06T07:00:00,17.862
2026-09-05,B,3164 制造六处老化选别,电表_E3（3#表）_67,2026-09-06T07:00:00,2026-09-06T08:00:00,17.678
